fold,variant,level,acc12,f1_12,f1_5,f1_cause,logloss12,ece,auroc_hidden,acc5
0,V7_gbm_lock,L_cbc,0.4107142857142857,0.2663496854568033,0.6198001320713186,0.2618795932749421,1.8728451569687508,0.2790614542901922,0.9175475687103594,0.7261904761904762
0,V7b_gbm_tuned_feats_lock,L_cbc,0.375,0.22950669750059527,0.5688877365828364,0.20867043450376785,2.1317434662539334,0.35890624801156445,0.9386892177589852,0.7083333333333334
0,RF_feats_lock,L_cbc,0.4226190476190476,0.28842873580797157,0.6347593582887701,0.258315048470387,1.8251217738609582,0.23999841727928342,0.9281183932346723,0.7321428571428571
0,V5_fusion,L_cbc,0.5595238095238095,0.47798808850786184,0.7043951560255908,0.37780971531229607,1.1684225056802982,0.07409585205965828,0.9164904862579281,0.7797619047619048
0,V5L_fusion_presence,L_cbc,0.48214285714285715,0.4168712379238695,0.6625037593984963,0.3175374041163515,1.4410158159797424,0.12962813439364432,0.919661733615222,0.7321428571428571
0,ENS_V7b+V5L,L_cbc,0.4226190476190476,0.3075170926607525,0.6117723396366332,0.23775647151897158,1.6094024159385734,0.2428954846120117,0.9408033826638479,0.7142857142857143
0,ENS_V7b+RF+V5L,L_cbc,0.4226190476190476,0.29446514982229266,0.6277710549630169,0.24610727865816806,1.6069244293495453,0.21253786000320216,0.9524312896405919,0.7321428571428571
0,ENS_V7b+V5(noleak),L_cbc,0.4642857142857143,0.3524791181041181,0.6541125541125541,0.2888831513280529,1.4059928527251055,0.1746551438015007,0.9397463002114165,0.75
0,V7_gbm_lock,L_iron,0.5535714285714286,0.41006923631923636,0.5979419703103914,0.35646390592138394,1.3828373795239741,0.2746633291061264,0.9439746300211416,0.7380952380952381
0,V7b_gbm_tuned_feats_lock,L_iron,0.5773809523809523,0.4487542636532979,0.6176678106792242,0.3977259296739816,1.585133275928441,0.27856396637150654,0.9577167019027485,0.7559523809523809
0,RF_feats_lock,L_iron,0.6071428571428571,0.47827168589206925,0.6444919105756483,0.4026971053333146,0.9755452826613068,0.10295163590874142,0.9217758985200846,0.7619047619047619
0,V5_fusion,L_iron,0.6726190476190477,0.5796789270504458,0.7546408007237501,0.47776501091387397,0.8367372720404838,0.06485615938641529,0.959830866807611,0.8154761904761905
0,V5L_fusion_presence,L_iron,0.6785714285714286,0.5781331050938895,0.7449409849409849,0.4411593374267697,0.8912069532570274,0.082564700534971,0.9587737843551797,0.8035714285714286
0,ENS_V7b+V5L,L_iron,0.6190476190476191,0.511379858966066,0.6666215504925183,0.43526112639413134,1.0777695436977033,0.1836473890460243,0.9704016913319239,0.7678571428571429
0,ENS_V7b+RF+V5L,L_iron,0.6309523809523809,0.5072998805256871,0.6790255207912254,0.44057864642969985,1.008165236317352,0.16609987111626756,0.9651162790697674,0.7797619047619048
0,ENS_V7b+V5(noleak),L_iron,0.6190476190476191,0.5117117039240325,0.667116883116883,0.431554516872609,0.9943794641352179,0.1732742258930425,0.970401691331924,0.7678571428571429
0,V7_gbm_lock,L_std,0.7559523809523809,0.6785450667389318,0.858570268381589,0.6575800779352835,0.8300796360645034,0.10083772314602849,0.9492600422832981,0.8928571428571429
0,V7b_gbm_tuned_feats_lock,L_std,0.7797619047619048,0.7147558946950427,0.8448300355149669,0.7136835917990261,0.937730631446577,0.09435231172991607,0.9492600422832981,0.8809523809523809
0,RF_feats_lock,L_std,0.8035714285714286,0.7376261487595777,0.8888286252354047,0.7126775240815783,0.6749917297931693,0.11487913622671632,0.9281183932346723,0.9107142857142857
0,V5_fusion,L_std,0.7619047619047619,0.6788382058096466,0.8629514214974814,0.680050245183425,0.6795044367476214,0.06586899134651733,0.959830866807611,0.8988095238095238
0,V5L_fusion_presence,L_std,0.7678571428571429,0.6880979853912047,0.8458526953989749,0.6855629296960442,0.6822263596501756,0.03443667158110536,0.959830866807611,0.875
0,ENS_V7b+V5L,L_std,0.8154761904761905,0.745401218887397,0.8758155136268343,0.7408771848593236,0.6843873748071277,0.06999664019627543,0.9651162790697675,0.9047619047619048
0,ENS_V7b+RF+V5L,L_std,0.8333333333333334,0.7659351543958078,0.8982939119408492,0.7609519850318128,0.633363780984758,0.06579690646260451,0.9587737843551796,0.9166666666666666
0,ENS_V7b+V5(noleak),L_std,0.8095238095238095,0.7395303798005406,0.8768331084120558,0.7385815007454576,0.6517815931679863,0.0626239216404389,0.9693446088794926,0.9047619047619048
0,V7_gbm_lock,L_asis,0.9226190476190477,0.9218353400924834,0.95110661268556,0.9051666669904244,0.327937527765507,0.061561173007285266,0.9788583509513742,0.9642857142857143
0,V7b_gbm_tuned_feats_lock,L_asis,0.9107142857142857,0.9057872512757571,0.9565000886053519,0.8974212234405822,0.35560846410710273,0.057525812669035774,0.9788583509513741,0.9642857142857143
0,RF_feats_lock,L_asis,0.8928571428571429,0.8853603381673557,0.9427146927146927,0.8584521502935825,0.4414181367753045,0.15356777975034389,0.9608879492600423,0.9523809523809523
0,V5_fusion,L_asis,0.8630952380952381,0.8308919687327481,0.9278785831977322,0.8401830957452968,0.42090971526825643,0.05127689075622941,0.9778012684989429,0.9464285714285714
0,V5L_fusion_presence,L_asis,0.875,0.848303957357161,0.9210387078808131,0.8485647714004988,0.3679051071579023,0.04369483233847591,0.9735729386892178,0.9404761904761905
0,ENS_V7b+V5L,L_asis,0.9107142857142857,0.8984001630553354,0.9467445887445887,0.8979543912034167,0.269701800259437,0.033881002269272605,0.9809725158562368,0.9583333333333334
0,ENS_V7b+RF+V5L,L_asis,0.9166666666666666,0.9040874339280992,0.9565000886053519,0.9046321133808566,0.26920004649531526,0.057033512618599194,0.9799154334038054,0.9642857142857143
0,ENS_V7b+V5(noleak),L_asis,0.9107142857142857,0.8984001630553354,0.9467445887445887,0.8979543912034167,0.2693811486688242,0.04923650619012559,0.9809725158562368,0.9583333333333334
1,V7_gbm_lock,L_cbc,0.43452380952380953,0.27823798732438254,0.599276856873679,0.21497625181835706,1.8472197802484536,0.2150559626843529,0.824009324009324,0.7559523809523809
1,V7b_gbm_tuned_feats_lock,L_cbc,0.4226190476190476,0.26231025023594684,0.5751473022178086,0.23086934634020773,1.8722771981953041,0.2543134490533266,0.8298368298368297,0.7321428571428571
1,RF_feats_lock,L_cbc,0.39880952380952384,0.27075307045895286,0.5532927002126151,0.22231786296008368,1.9510811519770737,0.26715117936589783,0.8951048951048951,0.7142857142857143
1,V5_fusion,L_cbc,0.6190476190476191,0.5429190394647141,0.7312687312687312,0.47521923974321684,1.123191097920221,0.10319533466922348,0.9125874125874127,0.8035714285714286
1,V5L_fusion_presence,L_cbc,0.5357142857142857,0.5022555197077456,0.7307901717157615,0.37357436385380377,1.3045397078768382,0.10333081601894337,0.8811188811188811,0.7857142857142857
1,ENS_V7b+V5L,L_cbc,0.47619047619047616,0.3613946965944972,0.6342054948796522,0.2611222155950402,1.4578719825950193,0.16657961568517865,0.8531468531468531,0.7321428571428571
1,ENS_V7b+RF+V5L,L_cbc,0.48214285714285715,0.3682698781484645,0.6758197336659622,0.2675328978804915,1.5363531343182169,0.17697654869780782,0.8752913752913752,0.7738095238095238
1,ENS_V7b+V5(noleak),L_cbc,0.5178571428571429,0.3875440289816827,0.6601532916945254,0.29484153101800153,1.3199551688783124,0.11564398230133932,0.865967365967366,0.7619047619047619
1,V7_gbm_lock,L_iron,0.5654761904761905,0.41748166982208595,0.5831212251941328,0.35147611303582293,1.2826077229259578,0.24993385202239046,0.9545454545454546,0.7380952380952381
1,V7b_gbm_tuned_feats_lock,L_iron,0.5654761904761905,0.4191838936518875,0.5964608294930875,0.3554492550029874,1.2766395541735005,0.2633364917968583,0.9568764568764568,0.75
1,RF_feats_lock,L_iron,0.5952380952380952,0.47445630875343486,0.5697310618236365,0.3768626406353183,0.9899255431372732,0.12245134607035604,0.9627039627039627,0.7321428571428571
1,V5_fusion,L_iron,0.7142857142857143,0.6471140859987135,0.7739762981642995,0.5831167151259616,0.8175832472821606,0.11032457494663321,0.9603729603729604,0.8452380952380952
1,V5L_fusion_presence,L_iron,0.7321428571428571,0.6802895740235894,0.7770661890197538,0.5852349212452164,0.7890931423801533,0.07922673325992159,0.958041958041958,0.8392857142857143
1,ENS_V7b+V5L,L_iron,0.6190476190476191,0.5301746909590047,0.6664918032786884,0.42461833974991864,0.9288591975586026,0.161651246190018,0.9615384615384616,0.7619047619047619
1,ENS_V7b+RF+V5L,L_iron,0.6130952380952381,0.511545115751567,0.6465984815610926,0.4073503182152141,0.9195363538166669,0.15329709440643846,0.9603729603729605,0.7619047619047619
1,ENS_V7b+V5(noleak),L_iron,0.6488095238095238,0.5648132731466065,0.687431643625192,0.46144806042495135,0.8873459451467919,0.10835489351635423,0.9627039627039626,0.7738095238095238
1,V7_gbm_lock,L_std,0.7738095238095238,0.6868667359558892,0.8550424441416105,0.654868065533622,0.6626027593198052,0.0822738419807366,0.9696969696969696,0.8869047619047619
1,V7b_gbm_tuned_feats_lock,L_std,0.7857142857142857,0.6953276155462148,0.8540718719031972,0.6778042792292173,0.6142211385485734,0.0785921949239889,0.9801864801864801,0.8928571428571429
1,RF_feats_lock,L_std,0.7916666666666666,0.6982055958496808,0.8521894455276525,0.7097317939927057,0.6376274752074803,0.137401895997529,0.9778554778554779,0.8869047619047619
1,V5_fusion,L_std,0.7916666666666666,0.7432361637787995,0.8921689252417426,0.7602488044946205,0.6330970538959346,0.062038341266005416,0.9603729603729603,0.9166666666666666
1,V5L_fusion_presence,L_std,0.8333333333333334,0.7947794670833885,0.9114498371423186,0.7976860879267296,0.5684004560910849,0.06332579917144521,0.9627039627039626,0.9226190476190477
1,ENS_V7b+V5L,L_std,0.7976190476190477,0.7456781776060838,0.8619726003259768,0.7337209651388357,0.5023421772289056,0.07667528290852882,0.9708624708624708,0.8928571428571429
1,ENS_V7b+RF+V5L,L_std,0.7916666666666666,0.7118321854463159,0.8628389637933646,0.7172477295665088,0.5043588080036508,0.08409087719525621,0.9743589743589742,0.8928571428571429
1,ENS_V7b+V5(noleak),L_std,0.8214285714285714,0.7550760985742403,0.9022207980859609,0.742701014393459,0.4951182691991794,0.027264514993786865,0.9673659673659675,0.9166666666666666
1,V7_gbm_lock,L_asis,0.9047619047619048,0.9094914816455936,0.938132145292488,0.8938511445557825,0.2640385651259253,0.039910671362354266,0.9836829836829837,0.9583333333333334
1,V7b_gbm_tuned_feats_lock,L_asis,0.9107142857142857,0.9098551977755206,0.9234901206504633,0.8994231571462692,0.2713714394068078,0.027225341778250617,0.9906759906759907,0.9464285714285714
1,RF_feats_lock,L_asis,0.9285714285714286,0.9259457715652429,0.9605214507210877,0.9322547448978834,0.39531901224155325,0.1881418424904529,1.0,0.9702380952380952
1,V5_fusion,L_asis,0.8571428571428571,0.8352124745051102,0.9214568297246727,0.8165701005273198,0.3815339419891482,0.031965613855159954,0.9860139860139859,0.9345238095238095
1,V5L_fusion_presence,L_asis,0.8690476190476191,0.8532210192346694,0.9158556395647448,0.8361115839064663,0.33081437518688783,0.05387312433418949,0.9871794871794872,0.9285714285714286
1,ENS_V7b+V5L,L_asis,0.9047619047619048,0.8964262719173252,0.9575135962674054,0.8877803708570787,0.2249209896001186,0.031010493038733655,0.9941724941724941,0.9642857142857143
1,ENS_V7b+RF+V5L,L_asis,0.9107142857142857,0.906272440533655,0.9633017846419026,0.9039236615270073,0.22417394463902116,0.04272326699338415,0.9953379953379954,0.9702380952380952
1,ENS_V7b+V5(noleak),L_asis,0.9107142857142857,0.9005703958579337,0.9575135962674054,0.8907891887634971,0.22303965126969763,0.059921165206403025,0.9941724941724942,0.9642857142857143
2,V7_gbm_lock,L_cbc,0.42857142857142855,0.31095921403997634,0.5222799422799423,0.2531455429886853,1.7487385280838854,0.23436572406994038,0.8857493857493857,0.6309523809523809
2,V7b_gbm_tuned_feats_lock,L_cbc,0.43452380952380953,0.3039984102155155,0.5799600425480137,0.23283022315497118,1.7436276355827711,0.22727916617353458,0.8992628992628994,0.6785714285714286
2,RF_feats_lock,L_cbc,0.4166666666666667,0.27428450614787125,0.555891265597148,0.21785145721188748,1.559059249735568,0.1963483821620717,0.9373464373464373,0.6904761904761905
2,V5_fusion,L_cbc,0.5892857142857143,0.5060109720069842,0.7167740880855635,0.4167515870625155,1.1597458585712264,0.10458833553548491,0.8746928746928747,0.7738095238095238
2,V5L_fusion_presence,L_cbc,0.49404761904761907,0.4292513029922285,0.6491583869082408,0.3152612517572306,1.3674439572131032,0.08378024730375651,0.8685503685503687,0.7083333333333334
2,ENS_V7b+V5L,L_cbc,0.48214285714285715,0.36905736013287505,0.6296453664874717,0.31012420826139775,1.4399458718952018,0.14937215220188083,0.8968058968058967,0.7142857142857143
2,ENS_V7b+RF+V5L,L_cbc,0.47619047619047616,0.3634060747995174,0.6111014577328139,0.26999444849343424,1.4164610908041788,0.13614343282686275,0.9152334152334153,0.7023809523809523
2,ENS_V7b+V5(noleak),L_cbc,0.5059523809523809,0.37684948106951827,0.6148745557196261,0.3033247661157487,1.3082529854887381,0.13183293491153694,0.902948402948403,0.7023809523809523
2,V7_gbm_lock,L_iron,0.6130952380952381,0.4725778406270397,0.6335425101214576,0.3806193910582625,1.333200291640352,0.2304477584419556,0.9643734643734644,0.7380952380952381
2,V7b_gbm_tuned_feats_lock,L_iron,0.6071428571428571,0.457345098456629,0.643566320872418,0.3605974276057886,1.3660981462768518,0.24256904758189443,0.9754299754299753,0.7321428571428571
2,RF_feats_lock,L_iron,0.6130952380952381,0.46945477180771306,0.5983753501400559,0.37103980986333923,1.0077060317904074,0.12457474662710603,0.9705159705159706,0.7321428571428571
2,V5_fusion,L_iron,0.6607142857142857,0.543069498793291,0.7292800397219464,0.45850478578851933,0.8766103356557876,0.13163957069366683,0.9324324324324325,0.8035714285714286
2,V5L_fusion_presence,L_iron,0.6666666666666666,0.5498630442979898,0.714888317035512,0.41967665465555853,0.9040758151591894,0.11920379089478762,0.9361179361179363,0.7857142857142857
2,ENS_V7b+V5L,L_iron,0.6428571428571429,0.49961133784825007,0.6823989419814847,0.40474627136441205,1.038078499016834,0.16767608088765124,0.9668304668304668,0.7619047619047619
2,ENS_V7b+RF+V5L,L_iron,0.625,0.4757464747021836,0.6617105263157895,0.36896208271629116,0.9923545698299703,0.17212734441220603,0.9754299754299754,0.75
2,ENS_V7b+V5(noleak),L_iron,0.6547619047619048,0.512068363577315,0.7093532338308457,0.42963967405143877,0.9725603706649674,0.1361328662902371,0.9705159705159705,0.7797619047619048
2,V7_gbm_lock,L_std,0.7857142857142857,0.6768777518777518,0.8088578088578089,0.6123084338729159,0.6902053188102661,0.09637180258627757,0.9852579852579852,0.8571428571428571
2,V7b_gbm_tuned_feats_lock,L_std,0.8095238095238095,0.703561420256035,0.8448880236238295,0.6464413787439264,0.7198272136651495,0.09993523747112831,0.9926289926289926,0.875
2,RF_feats_lock,L_std,0.7976190476190477,0.6905009675267247,0.8332113032783786,0.6514570015925569,0.6438513835006753,0.0625330018616313,0.9791154791154791,0.8630952380952381
2,V5_fusion,L_std,0.7678571428571429,0.6616952985484302,0.8443783988154998,0.6020171533427101,0.6145779620512035,0.06269257475139041,0.9422604422604424,0.8809523809523809
2,V5L_fusion_presence,L_std,0.7619047619047619,0.655010316058568,0.8287830408585126,0.616150636446071,0.6099110450249583,0.06711453050455264,0.952088452088452,0.8630952380952381
2,ENS_V7b+V5L,L_std,0.8035714285714286,0.699793424109281,0.8583404763624258,0.6427034902739309,0.5650305508266074,0.0743301126500075,0.9877149877149878,0.8869047619047619
2,ENS_V7b+RF+V5L,L_std,0.8095238095238095,0.7057811609739404,0.8582259845417741,0.6560538781483425,0.5482435023040441,0.06365835336095216,0.9877149877149878,0.8809523809523809
2,ENS_V7b+V5(noleak),L_std,0.8154761904761905,0.7099309078720845,0.876241002730206,0.6628096142136685,0.5337117049402877,0.06524529084668801,0.9901719901719901,0.8988095238095238
2,V7_gbm_lock,L_asis,0.9285714285714286,0.9222311121418265,0.9382538991538878,0.8765797693371625,0.25453305176787666,0.034724120159371485,0.9864864864864864,0.9523809523809523
2,V7b_gbm_tuned_feats_lock,L_asis,0.9226190476190477,0.9166801595038435,0.9477326073805201,0.8739720099400929,0.2607961123654972,0.031876556257235365,0.9901719901719902,0.9583333333333334
2,RF_feats_lock,L_asis,0.9047619047619048,0.8920836108336109,0.9290967534554806,0.8766265600300304,0.3911676241682206,0.13740960357121706,0.9815724815724816,0.9404761904761905
2,V5_fusion,L_asis,0.8630952380952381,0.840001855618914,0.8817392772711921,0.7969408866750858,0.37384919414789053,0.05878299052352575,0.9778869778869779,0.9047619047619048
2,V5L_fusion_presence,L_asis,0.8988095238095238,0.8838261993528796,0.8931121189888614,0.8453948809071998,0.31817339863155264,0.04879352946692641,0.9766584766584767,0.9166666666666666
2,ENS_V7b+V5L,L_asis,0.9464285714285714,0.9380032540097111,0.9549082263542834,0.8950567867096919,0.2179139024117028,0.050031857836285804,0.9840294840294841,0.9642857142857143
2,ENS_V7b+RF+V5L,L_asis,0.9464285714285714,0.9375087485152055,0.9647520772374285,0.9043875787277547,0.21665347698767695,0.04280472492390759,0.9828009828009828,0.9702380952380952
2,ENS_V7b+V5(noleak),L_asis,0.9464285714285714,0.9380032540097111,0.9549082263542834,0.9164853581382633,0.21659687854692708,0.03895500147256816,0.9852579852579852,0.9642857142857143
3,V7_gbm_lock,L_cbc,0.44642857142857145,0.31701515294786303,0.5856455346015312,0.25922045316217557,1.728109041848135,0.23384051054253818,0.9013303769401331,0.7023809523809523
3,V7b_gbm_tuned_feats_lock,L_cbc,0.4583333333333333,0.3416006413884172,0.5758977051386076,0.261631555578924,1.746322129140934,0.16252777591616918,0.9146341463414633,0.6785714285714286
3,RF_feats_lock,L_cbc,0.39285714285714285,0.27303665556454276,0.5300708909777958,0.21588542627082183,1.6057404989015776,0.1661872980513176,0.9002217294900221,0.7023809523809523
3,V5_fusion,L_cbc,0.5833333333333334,0.5265288670461085,0.7393462843738522,0.41720170382657323,1.2044855565100447,0.1051940384137684,0.9057649667405766,0.8035714285714286
3,V5L_fusion_presence,L_cbc,0.5119047619047619,0.4745746103974562,0.6517463761293254,0.38107955808441396,1.416316961286061,0.0857275732188871,0.9235033259423504,0.7261904761904762
3,ENS_V7b+V5L,L_cbc,0.5119047619047619,0.4362056446175275,0.6823584612730722,0.30153070413898225,1.455790743156912,0.15160111202964752,0.9124168514412417,0.7440476190476191
3,ENS_V7b+RF+V5L,L_cbc,0.4880952380952381,0.3916538182242766,0.6659047619047619,0.2642487861520604,1.451383253742777,0.12525412814516773,0.9113082039911309,0.7261904761904762
3,ENS_V7b+V5(noleak),L_cbc,0.5595238095238095,0.45477635528030075,0.6896425543182785,0.3495613245742623,1.3236557833377234,0.14298379055706628,0.9124168514412417,0.7559523809523809
3,V7_gbm_lock,L_iron,0.6011904761904762,0.4660698062400849,0.6918518518518518,0.3688838003307563,1.2271787819858018,0.193532079828205,0.9512195121951219,0.7559523809523809
3,V7b_gbm_tuned_feats_lock,L_iron,0.6011904761904762,0.4783266435565287,0.674631021999443,0.40317373796997624,1.302628890774674,0.2070467499397074,0.9556541019955653,0.75
3,RF_feats_lock,L_iron,0.5952380952380952,0.47137728429441444,0.5963764913831198,0.38791246774087895,0.9444183896084316,0.10516875185022276,0.9445676274944567,0.7559523809523809
3,V5_fusion,L_iron,0.6845238095238095,0.6006318156092771,0.7539587998208688,0.5006175569433405,0.8404928375676155,0.05202392851139654,0.9512195121951219,0.8214285714285714
3,V5L_fusion_presence,L_iron,0.6845238095238095,0.6217299876256799,0.741974151119239,0.5099284720303382,0.8681539693217195,0.09160784666850523,0.9634146341463414,0.8035714285714286
3,ENS_V7b+V5L,L_iron,0.6726190476190477,0.5995133777770566,0.732207042665108,0.5118132298881117,0.9757250186741666,0.14562239783185274,0.958980044345898,0.7916666666666666
3,ENS_V7b+RF+V5L,L_iron,0.6428571428571429,0.5433560611452136,0.7014996152777481,0.4362599888614884,0.9331393736076931,0.11402244463085374,0.9567627494456763,0.7738095238095238
3,ENS_V7b+V5(noleak),L_iron,0.6904761904761905,0.6169025984384316,0.7372506692417704,0.5130871350263818,0.9152698221271174,0.14914600663973174,0.9567627494456763,0.7976190476190477
3,V7_gbm_lock,L_std,0.7619047619047619,0.6769454055767267,0.8087590187590188,0.6600219217516198,0.720747334014923,0.09486067488459671,0.9733924611973391,0.8452380952380952
3,V7b_gbm_tuned_feats_lock,L_std,0.7559523809523809,0.6774651965743921,0.8200963659584349,0.6268204018204018,0.7715883560831396,0.10854209827040365,0.9700665188470067,0.8511904761904762
3,RF_feats_lock,L_std,0.7857142857142857,0.7190101249660333,0.8323119072708114,0.6864165090798717,0.5954625572049081,0.062883664853756,0.9656319290465631,0.8571428571428571
3,V5_fusion,L_std,0.7857142857142857,0.7322235482502563,0.8558537915984725,0.7109021539315187,0.6166177534513627,0.06932231996987684,0.9490022172949002,0.8869047619047619
3,V5L_fusion_presence,L_std,0.7916666666666666,0.7310372674541928,0.858563551736484,0.6851953809266369,0.6160016481628969,0.05435287721843086,0.9634146341463413,0.8809523809523809
3,ENS_V7b+V5L,L_std,0.8095238095238095,0.7451837025808802,0.8441306951017848,0.7115091147724741,0.5838429296676407,0.0479620300462442,0.9733924611973391,0.875
3,ENS_V7b+RF+V5L,L_std,0.7916666666666666,0.7164858244710071,0.8399293614648201,0.6908377134057715,0.5484903288916058,0.04562255187862413,0.9722838137472284,0.8690476190476191
3,ENS_V7b+V5(noleak),L_std,0.8095238095238095,0.7606794907246254,0.8217931712248255,0.7255475094663615,0.5504056953783317,0.06366964583026696,0.9722838137472284,0.8571428571428571
3,V7_gbm_lock,L_asis,0.8928571428571429,0.8949165566828676,0.9068743286788401,0.885842509673333,0.31507144950755983,0.0342963885940921,0.9822616407982262,0.9226190476190477
3,V7b_gbm_tuned_feats_lock,L_asis,0.9107142857142857,0.9083022677964743,0.9114822312190732,0.8959482317714813,0.3356652538327617,0.034099600130157545,0.9767184035476718,0.9285714285714286
3,RF_feats_lock,L_asis,0.9166666666666666,0.9132608177951317,0.9355425601039634,0.9054978488247347,0.40492048840531486,0.17470524316563038,0.9767184035476718,0.9464285714285714
3,V5_fusion,L_asis,0.8452380952380952,0.8342331730701531,0.8693650793650795,0.8091562599923882,0.40943354293457884,0.0453171605016428,0.9656319290465631,0.8988095238095238
3,V5L_fusion_presence,L_asis,0.8571428571428571,0.8380702721544636,0.8814403156054043,0.8112513028435455,0.37272533513777956,0.0309521368153344,0.9711751662971175,0.9047619047619048
3,ENS_V7b+V5L,L_asis,0.9166666666666666,0.9100726282251284,0.9127980206927575,0.8896839137367124,0.26659968542264584,0.03106003858055744,0.975609756097561,0.9285714285714286
3,ENS_V7b+RF+V5L,L_asis,0.9107142857142857,0.9064781105596063,0.9060459299789109,0.8841483998678652,0.25484792013161206,0.03682088857537407,0.9778270509977827,0.9226190476190477
3,ENS_V7b+V5(noleak),L_asis,0.9226190476190477,0.916676936615151,0.9194175915980427,0.896055801409413,0.2622069710919296,0.04987346975831313,0.9745011086474501,0.9345238095238095
4,V7_gbm_lock,L_cbc,0.39880952380952384,0.2808613643533248,0.5398667400207836,0.24242077488635685,1.8813196491273887,0.24590183831846119,0.8368298368298368,0.6488095238095238
4,V7b_gbm_tuned_feats_lock,L_cbc,0.42857142857142855,0.31679831310967355,0.5654939490888857,0.2439244387631484,2.001379385739596,0.2870975494702658,0.8391608391608392,0.6666666666666666
4,RF_feats_lock,L_cbc,0.4107142857142857,0.28649730846075183,0.5843763783386425,0.21166268125974474,1.997086477975072,0.197908844537852,0.8484848484848485,0.7261904761904762
4,V5_fusion,L_cbc,0.5297619047619048,0.4461641408700232,0.6600438732642122,0.3575869521362263,1.2323171488249078,0.07231377542917132,0.8170163170163169,0.7440476190476191
4,V5L_fusion_presence,L_cbc,0.4226190476190476,0.3842728758169934,0.6212404092071611,0.28232877625733566,1.4672170852033857,0.14413809216867537,0.8321678321678322,0.6964285714285714
4,ENS_V7b+V5L,L_cbc,0.44642857142857145,0.3352613435946769,0.5791266259351365,0.2514723187837308,1.5840615210891116,0.17078071025087613,0.8391608391608392,0.6726190476190477
4,ENS_V7b+RF+V5L,L_cbc,0.48214285714285715,0.34830080391079243,0.6140568690984141,0.25379289726012766,1.5991211060178796,0.16743502282548794,0.8356643356643356,0.7083333333333334
4,ENS_V7b+V5(noleak),L_cbc,0.4880952380952381,0.3785463144032801,0.6185774230420202,0.2856307266528217,1.4342342423828023,0.17077118746784287,0.8484848484848485,0.7083333333333334
4,V7_gbm_lock,L_iron,0.5952380952380952,0.45185321599845274,0.6298553988384497,0.3507919639122226,1.3574008977617873,0.2062523542668423,0.9137529137529138,0.7380952380952381
4,V7b_gbm_tuned_feats_lock,L_iron,0.6071428571428571,0.4660886081175936,0.6436890645586298,0.366762025852935,1.4506064844113307,0.23241649980260257,0.9102564102564102,0.75
4,RF_feats_lock,L_iron,0.6071428571428571,0.4701266144893596,0.6062837316160146,0.3539507593093986,1.0222384444878583,0.09193721897602493,0.9114219114219114,0.7321428571428571
4,V5_fusion,L_iron,0.5952380952380952,0.5214467901967902,0.7221563088512241,0.4183125565478507,0.9361046432173451,0.10447601693350203,0.8706293706293706,0.7857142857142857
4,V5L_fusion_presence,L_iron,0.5892857142857143,0.48640223542184313,0.6889212914998571,0.37754046631051974,0.9526148208707875,0.1337145489059046,0.8834498834498834,0.7678571428571429
4,ENS_V7b+V5L,L_iron,0.6011904761904762,0.47540176925536876,0.6679430434036713,0.39663689137373354,1.0817868482874793,0.18908002501243182,0.9125874125874126,0.7619047619047619
4,ENS_V7b+RF+V5L,L_iron,0.6071428571428571,0.47699935638754715,0.6679430434036713,0.3823308367224359,1.022437201408285,0.1554751230241174,0.9114219114219114,0.7619047619047619
4,ENS_V7b+V5(noleak),L_iron,0.6071428571428571,0.48779500225432465,0.6756166217035783,0.3843297503674863,1.0326148373096733,0.1656817619297315,0.9079254079254079,0.7678571428571429
4,V7_gbm_lock,L_std,0.7321428571428571,0.6295643507653311,0.7632675853573468,0.5658944590762772,0.9175657868472458,0.1245596643752058,0.9417249417249417,0.8273809523809523
4,V7b_gbm_tuned_feats_lock,L_std,0.75,0.650038665279961,0.781442691470956,0.5840224663347193,0.9385082461275361,0.12659786586039765,0.9393939393939394,0.8392857142857143
4,RF_feats_lock,L_std,0.7559523809523809,0.6577556069204787,0.7843323343323344,0.5910002236089192,0.7242599796359814,0.08051386385024467,0.937062937062937,0.8333333333333334
4,V5_fusion,L_std,0.7380952380952381,0.6938349407378017,0.811612632222095,0.6423246930453139,0.7191486685985281,0.07521352056047875,0.9254079254079254,0.8571428571428571
4,V5L_fusion_presence,L_std,0.7440476190476191,0.6769188065602454,0.8254893364302616,0.6042037671428009,0.6969614371250953,0.08557735319322779,0.9335664335664334,0.8630952380952381
4,ENS_V7b+V5L,L_std,0.7559523809523809,0.6722971393186238,0.7927499910493717,0.5959148560061339,0.725100732069705,0.08424192112207504,0.9498834498834499,0.8452380952380952
4,ENS_V7b+RF+V5L,L_std,0.7738095238095238,0.6857279098770034,0.8004572759268569,0.6097778972973855,0.6818771063206398,0.05941871210766111,0.9487179487179487,0.8511904761904762
4,ENS_V7b+V5(noleak),L_std,0.7619047619047619,0.6796717127825674,0.7935628444926358,0.5941920840638222,0.7059423564408901,0.07417029272108687,0.9522144522144522,0.8452380952380952
4,V7_gbm_lock,L_asis,0.8571428571428571,0.8672979117589641,0.8651840691151721,0.8165036626578298,0.44959495349569084,0.060651919165329075,0.9755244755244755,0.8988095238095238
4,V7b_gbm_tuned_feats_lock,L_asis,0.8630952380952381,0.859844844207431,0.8695454967933823,0.8124126923496672,0.42851905959411707,0.05998329452755005,0.9755244755244755,0.9047619047619048
4,RF_feats_lock,L_asis,0.8869047619047619,0.8670286531193394,0.9111235662382222,0.7991670563381454,0.4800595763478756,0.1594075642071855,0.9638694638694638,0.9285714285714286
4,V5_fusion,L_asis,0.8273809523809523,0.8115032811966628,0.8692447538575114,0.7530816565916798,0.4651956628484043,0.052498480202173445,0.9662004662004662,0.8928571428571429
4,V5L_fusion_presence,L_asis,0.8452380952380952,0.8264436470796651,0.8813058874829636,0.7677481961169904,0.428708995176119,0.046925342478155406,0.9731934731934732,0.9047619047619048
4,ENS_V7b+V5L,L_asis,0.8809523809523809,0.8754696397735446,0.8992232543956682,0.7933635309608614,0.340603984325623,0.040663973417457526,0.9848484848484849,0.9226190476190477
4,ENS_V7b+RF+V5L,L_asis,0.9047619047619048,0.9042672805433029,0.9119982466300607,0.8384642404667457,0.33218759941432485,0.057960058697288104,0.9825174825174825,0.9345238095238095
4,ENS_V7b+V5(noleak),L_asis,0.8928571428571429,0.8855567476278261,0.9056893373323394,0.816980016107923,0.3394364399687572,0.07255569503181922,0.9790209790209791,0.9285714285714286
5,V7_gbm_lock,L_cbc,0.4583333333333333,0.312293624250146,0.6106962299581107,0.24298731571458845,1.8655129213710888,0.2378600414042332,0.9038054968287527,0.7321428571428571
5,V7b_gbm_tuned_feats_lock,L_cbc,0.42857142857142855,0.28698318297630243,0.5646926536731633,0.21177318160870673,1.909912642231817,0.22292126190319597,0.912262156448203,0.7261904761904762
5,RF_feats_lock,L_cbc,0.3333333333333333,0.2277879283026342,0.43865058102448895,0.18763849821630343,1.8774027913415452,0.2009033068736379,0.8900634249471459,0.6369047619047619
5,V5_fusion,L_cbc,0.5595238095238095,0.476239229384348,0.7295240115010502,0.3901634048188093,1.1614143999901931,0.061473470693255435,0.912262156448203,0.7976190476190477
5,V5L_fusion_presence,L_cbc,0.47619047619047616,0.425512111021311,0.6387663955749062,0.34912205767958865,1.4089416605325231,0.09167528645452065,0.9302325581395349,0.7142857142857143
5,ENS_V7b+V5L,L_cbc,0.4523809523809524,0.33620790384201893,0.6295719559528384,0.2729001049455595,1.5401764773113633,0.15279354747117263,0.9228329809725159,0.7142857142857143
5,ENS_V7b+RF+V5L,L_cbc,0.4523809523809524,0.3399937719561547,0.6220062774639046,0.25282305268335176,1.5727258477574375,0.13418516008103884,0.9122621564482029,0.7202380952380952
5,ENS_V7b+V5(noleak),L_cbc,0.5,0.3872813719578935,0.6462743236829616,0.29973437421062815,1.3757785750440972,0.1320746049981486,0.9207188160676533,0.7380952380952381
5,V7_gbm_lock,L_iron,0.5476190476190477,0.4097267532226195,0.622288050114137,0.33101414216172703,1.4239061032638112,0.26500219652933404,0.945031712473573,0.7261904761904762
5,V7b_gbm_tuned_feats_lock,L_iron,0.5595238095238095,0.4331266610809561,0.6287499999999999,0.346256089610413,1.4770438963249748,0.26534572080146457,0.9503171247357294,0.7321428571428571
5,RF_feats_lock,L_iron,0.6190476190476191,0.4971484148567482,0.6161363636363636,0.4001419876419876,1.0083359395443652,0.07228822423883922,0.9260042283298098,0.7619047619047619
5,V5_fusion,L_iron,0.6726190476190477,0.58706413266409,0.7780554804695533,0.5318591931230512,0.8494224884913506,0.05622553411459107,0.9492600422832981,0.8392857142857143
5,V5L_fusion_presence,L_iron,0.6607142857142857,0.5769076153626526,0.7623329224166466,0.5015170468046845,0.9088755769856017,0.0785941311070439,0.9630021141649048,0.8273809523809523
5,ENS_V7b+V5L,L_iron,0.5892857142857143,0.4791190731568929,0.6664281407091815,0.41178039964436247,1.0773420774178364,0.1984976587793655,0.9608879492600423,0.7440476190476191
5,ENS_V7b+RF+V5L,L_iron,0.6011904761904762,0.49030048505991725,0.6730824924034963,0.4228468601077573,1.0160617302144097,0.16354070915274385,0.9492600422832981,0.7619047619047619
5,ENS_V7b+V5(noleak),L_iron,0.625,0.5237379761261072,0.7022774327122153,0.4282236474859699,0.9975929571146974,0.16785678630382486,0.9566596194503172,0.7738095238095238
5,V7_gbm_lock,L_std,0.7797619047619048,0.6932246602344642,0.8690618401206637,0.6585722122881026,0.8028762981441084,0.10312019597593616,0.9746300211416491,0.8928571428571429
5,V7b_gbm_tuned_feats_lock,L_std,0.7857142857142857,0.7020479302832244,0.8755637779941576,0.6694010357198105,0.7862522889933384,0.0953453847969632,0.9841437632135306,0.8988095238095238
5,RF_feats_lock,L_std,0.8035714285714286,0.7341391960265912,0.8681704914803507,0.7145039885091232,0.639946039829035,0.11277574639842626,0.9460887949260042,0.8988095238095238
5,V5_fusion,L_std,0.7857142857142857,0.7337640137640137,0.8905594405594407,0.7170551670551671,0.5992648108170936,0.05497150555616958,0.9566596194503171,0.9166666666666666
5,V5L_fusion_presence,L_std,0.7797619047619048,0.7090277725277508,0.881188630490956,0.6882246614754354,0.6086112933115192,0.03573531315900209,0.9704016913319239,0.9107142857142857
5,ENS_V7b+V5L,L_std,0.7976190476190477,0.7206714273380941,0.8815595408895265,0.7006636346993692,0.6189586611893118,0.07354415901760517,0.9820295983086681,0.9047619047619048
5,ENS_V7b+RF+V5L,L_std,0.8273809523809523,0.7561875339769929,0.9133640199462982,0.730277045219574,0.5739440791678069,0.07430731367922522,0.9767441860465116,0.9285714285714286
5,ENS_V7b+V5(noleak),L_std,0.8095238095238095,0.7384492051158719,0.8817058823529411,0.7103769034323811,0.5751556813814939,0.07932760055304751,0.9809725158562368,0.9047619047619048
5,V7_gbm_lock,L_asis,0.8988095238095238,0.894381155635473,0.9386179957608529,0.8605247486199868,0.31386391299637767,0.02932099988762033,0.9862579281183932,0.9523809523809523
5,V7b_gbm_tuned_feats_lock,L_asis,0.9047619047619048,0.9016096480679815,0.9355218855218854,0.8831170096959572,0.2731030475079608,0.027699254336564724,0.992600422832981,0.9523809523809523
5,RF_feats_lock,L_asis,0.8869047619047619,0.8539476547056638,0.9384853775643822,0.8593385044759252,0.427224472228333,0.1492181465102827,0.9915433403805496,0.9523809523809523
5,V5_fusion,L_asis,0.8928571428571429,0.8772443909190364,0.9289120093998143,0.8495170815057815,0.3510848983898882,0.05659602814665274,0.9799154334038054,0.9404761904761905
5,V5L_fusion_presence,L_asis,0.9107142857142857,0.897663327189422,0.9459259259259258,0.8886407274221589,0.31446486242964616,0.04229948940871351,0.9767441860465116,0.9523809523809523
5,ENS_V7b+V5L,L_asis,0.9464285714285714,0.9390716473225055,0.9771851851851852,0.9205207527416964,0.21743549183525465,0.0435008212201683,0.992600422832981,0.9821428571428571
5,ENS_V7b+RF+V5L,L_asis,0.9464285714285714,0.9386684312173189,0.9833636363636364,0.9200808806269474,0.22124768545510354,0.051651321831255544,0.9936575052854122,0.9880952380952381
5,ENS_V7b+V5(noleak),L_asis,0.9523809523809523,0.9456987882974727,0.9875925925925925,0.9416736827463009,0.21170128296504487,0.04635410148528345,0.992600422832981,0.9880952380952381
6,V7_gbm_lock,L_cbc,0.4523809523809524,0.31924662004247806,0.6564650634989618,0.2708725608218316,1.7759222317993808,0.19681646377464734,0.9090909090909091,0.7202380952380952
6,V7b_gbm_tuned_feats_lock,L_cbc,0.44047619047619047,0.30586827049862286,0.6339469875758226,0.265527126988921,1.8615253106624978,0.2491219759014247,0.9385749385749386,0.7083333333333334
6,RF_feats_lock,L_cbc,0.44047619047619047,0.27129526042410235,0.6421513805895145,0.22575047982050656,1.7426042966231303,0.18620466083195866,0.9416461916461917,0.7261904761904762
6,V5_fusion,L_cbc,0.5952380952380952,0.4974947289219984,0.7628248587570621,0.35799927041126106,1.1803080013582683,0.10035896689054379,0.9164619164619164,0.8214285714285714
6,V5L_fusion_presence,L_cbc,0.48214285714285715,0.4438784650776793,0.6808609619937451,0.3456340892226803,1.3452305389542683,0.09110131552011712,0.9041769041769042,0.7380952380952381
6,ENS_V7b+V5L,L_cbc,0.4583333333333333,0.3235365085694033,0.6993107769423558,0.2890908158638195,1.4599888593408115,0.1618310323914737,0.9336609336609337,0.75
6,ENS_V7b+RF+V5L,L_cbc,0.48214285714285715,0.32988571324661137,0.694314541685938,0.2673824546258564,1.4830262616705367,0.12482220421336353,0.9422604422604421,0.75
6,ENS_V7b+V5(noleak),L_cbc,0.5119047619047619,0.36194434634393197,0.72419472506952,0.2841182698809962,1.3349925916814185,0.12460669208891652,0.9398034398034397,0.7797619047619048
6,V7_gbm_lock,L_iron,0.625,0.48477942703272175,0.6834603539988179,0.38813683593095355,1.1678291405231178,0.19638805854568936,0.9778869778869779,0.75
6,V7b_gbm_tuned_feats_lock,L_iron,0.6309523809523809,0.4878211626352262,0.7055805054262142,0.3917960481716419,1.265425148504225,0.20758221973494317,0.9926289926289926,0.7678571428571429
6,RF_feats_lock,L_iron,0.6190476190476191,0.4555927120603738,0.6328198579296033,0.3678762809778853,0.9333793521929976,0.0963512697921698,0.9803439803439803,0.7261904761904762
6,V5_fusion,L_iron,0.7023809523809523,0.624189035705352,0.7764782397056548,0.46966892365574037,0.825754991080152,0.04968295144546957,0.9656019656019657,0.8273809523809523
6,V5L_fusion_presence,L_iron,0.7083333333333334,0.6294415660421024,0.7866400269740821,0.48390893615943187,0.8168769374912427,0.06867568714188617,0.9828009828009827,0.8273809523809523
6,ENS_V7b+V5L,L_iron,0.6428571428571429,0.5001493532888126,0.7150511598844022,0.40602701133996094,0.935545814287329,0.1628583835766522,0.9950859950859952,0.7738095238095238
6,ENS_V7b+RF+V5L,L_iron,0.6428571428571429,0.4858727977265859,0.7213056588755722,0.3924728703158793,0.9000848290375073,0.13853840303600273,0.9950859950859952,0.7797619047619048
6,ENS_V7b+V5(noleak),L_iron,0.6547619047619048,0.5294195012074269,0.7277298181018427,0.4276973086188498,0.897161621484637,0.1432202514347925,0.9926289926289926,0.7857142857142857
6,V7_gbm_lock,L_std,0.7976190476190477,0.6989904186749194,0.8219492827201957,0.6260768280083003,0.6540989091834016,0.06740250660468446,0.9987714987714988,0.8511904761904762
6,V7b_gbm_tuned_feats_lock,L_std,0.7976190476190477,0.6979290990359933,0.8347263214271001,0.621866165203579,0.7097736744964068,0.09110183966273368,1.0,0.8630952380952381
6,RF_feats_lock,L_std,0.8154761904761905,0.7075917702872317,0.8279366901754962,0.6552177731582766,0.5928785398915407,0.10984669184338329,0.9987714987714988,0.8571428571428571
6,V5_fusion,L_std,0.75,0.6779752397694311,0.7964215942787372,0.6169935950390925,0.6262801772842034,0.08563293366931304,0.9791154791154791,0.8452380952380952
6,V5L_fusion_presence,L_std,0.7678571428571429,0.6867816365095046,0.8182534113060427,0.6133902063968935,0.6020405846122181,0.05882822865375894,0.9901719901719901,0.8511904761904762
6,ENS_V7b+V5L,L_std,0.8333333333333334,0.7513777163286967,0.8519684489738937,0.6812919258883692,0.5518329520393731,0.03818476424317976,1.0,0.8809523809523809
6,ENS_V7b+RF+V5L,L_std,0.8392857142857143,0.7332002062394221,0.8620815468684322,0.6651223244644461,0.5219149928976119,0.037464406885857504,1.0,0.8869047619047619
6,ENS_V7b+V5(noleak),L_std,0.8333333333333334,0.7499351505745367,0.8519684489738937,0.718882125654962,0.5274120422923678,0.03577465071201694,1.0,0.8809523809523809
6,V7_gbm_lock,L_asis,0.9285714285714286,0.9291849816849819,0.9173333333333332,0.9043284201178938,0.2594809495686607,0.0365456831984927,1.0,0.9345238095238095
6,V7b_gbm_tuned_feats_lock,L_asis,0.9226190476190477,0.9272877707088233,0.9047976413830072,0.9059919029139276,0.24251382045536593,0.02070343003672914,1.0,0.9226190476190477
6,RF_feats_lock,L_asis,0.9285714285714286,0.9296716510591452,0.9204383813329657,0.9155554001924465,0.3795360083471443,0.18314412147505954,0.9987714987714988,0.9345238095238095
6,V5_fusion,L_asis,0.8511904761904762,0.8282823490722802,0.8867039918056305,0.7990737863495255,0.37065368452227737,0.021064716111457667,0.9950859950859952,0.9047619047619048
6,V5L_fusion_presence,L_asis,0.8630952380952381,0.8356218325421224,0.8907751937984496,0.8180276952345465,0.3386500361856296,0.03579750203003326,0.9975429975429976,0.9107142857142857
6,ENS_V7b+V5L,L_asis,0.9464285714285714,0.9463452275664257,0.9438954529180092,0.9296776241504802,0.19702305255931307,0.04269387618743384,1.0,0.9523809523809523
6,ENS_V7b+RF+V5L,L_asis,0.9523809523809523,0.9537351636204332,0.9433055388681966,0.9325876608771345,0.20187341776475973,0.06474964359864292,1.0,0.9523809523809523
6,ENS_V7b+V5(noleak),L_asis,0.9404761904761905,0.9384853271513965,0.9326921573226992,0.9205290259314869,0.1957350894001063,0.039261085229391784,1.0,0.9464285714285714
7,V7_gbm_lock,L_cbc,0.39880952380952384,0.2832458281892186,0.5383061311816125,0.23145534242084978,1.8785608148423965,0.25877291525744683,0.8540669856459331,0.6547619047619048
7,V7b_gbm_tuned_feats_lock,L_cbc,0.4166666666666667,0.29658686908262455,0.5502071200713319,0.25863685072545833,2.054174460355658,0.28825710205796523,0.8421052631578947,0.6785714285714286
7,RF_feats_lock,L_cbc,0.3869047619047619,0.2609932831944217,0.5208833540888336,0.20154718605889618,1.860738016720937,0.21628412574749692,0.8642344497607656,0.6845238095238095
7,V5_fusion,L_cbc,0.5238095238095238,0.45199844322807975,0.6011584513047927,0.3524063640844956,1.3393700959517612,0.07829189836375922,0.8839712918660286,0.6964285714285714
7,V5L_fusion_presence,L_cbc,0.39880952380952384,0.35005240807070076,0.5532737487231869,0.2554204359525242,1.717896742026516,0.18607204659772553,0.8516746411483254,0.6369047619047619
7,ENS_V7b+V5L,L_cbc,0.42857142857142855,0.34270731641441016,0.544027769590988,0.27522891695603535,1.7451879861523918,0.24887515019595735,0.854066985645933,0.6428571428571429
7,ENS_V7b+RF+V5L,L_cbc,0.4107142857142857,0.3079095817540391,0.5497289317549139,0.23239458794678478,1.7069213605783145,0.21523793270560315,0.8588516746411482,0.6607142857142857
7,ENS_V7b+V5(noleak),L_cbc,0.4880952380952381,0.4059078602971904,0.6091961876485237,0.30775103743587073,1.5201346872247328,0.16217971863862024,0.8672248803827751,0.7083333333333334
7,V7_gbm_lock,L_iron,0.5714285714285714,0.43605343983547135,0.5987024011642008,0.3357425773772752,1.3248053195256282,0.24642699630360748,0.9366028708133971,0.7261904761904762
7,V7b_gbm_tuned_feats_lock,L_iron,0.5833333333333334,0.4559517353267353,0.5814029697900666,0.3506391719721891,1.3738220738869824,0.24917231034780674,0.9425837320574163,0.7083333333333334
7,RF_feats_lock,L_iron,0.6130952380952381,0.4825567723680932,0.5889319126819127,0.35969249109093726,1.194984370550339,0.09732920745978402,0.9324162679425837,0.7440476190476191
7,V5_fusion,L_iron,0.6369047619047619,0.5815342769338179,0.6873577768077986,0.5009145385141802,0.9937514904318913,0.09870822473534915,0.9461722488038277,0.7559523809523809
7,V5L_fusion_presence,L_iron,0.6309523809523809,0.5527793405692736,0.6647293447293448,0.4537424536570153,1.0256130907161658,0.10280359540199603,0.9401913875598086,0.7440476190476191
7,ENS_V7b+V5L,L_iron,0.6130952380952381,0.502850179475317,0.620823145703007,0.40944681975087893,1.0948227049748873,0.18920859144797877,0.9497607655502392,0.7321428571428571
7,ENS_V7b+RF+V5L,L_iron,0.6190476190476191,0.49819626733419836,0.6249945887445887,0.37830240986754576,1.0613006649742387,0.15710517496736703,0.9461722488038278,0.7380952380952381
7,ENS_V7b+V5(noleak),L_iron,0.625,0.5168710935245195,0.6283502506265664,0.4068102448569613,1.023313754149923,0.15297800666860556,0.950956937799043,0.7380952380952381
7,V7_gbm_lock,L_std,0.7738095238095238,0.6861750891524726,0.8111793344406897,0.6581799432717426,0.7261395477169024,0.08844355402888178,0.9629186602870813,0.8511904761904762
7,V7b_gbm_tuned_feats_lock,L_std,0.75,0.6649173220106303,0.781323948382772,0.6293259527057878,0.7780392569139974,0.11627505081863039,0.964114832535885,0.8333333333333334
7,RF_feats_lock,L_std,0.7738095238095238,0.6847530756917434,0.8163309909810215,0.6831847393707997,0.6946493597305915,0.0991844403233967,0.9605263157894737,0.8511904761904762
7,V5_fusion,L_std,0.7678571428571429,0.71200960687748,0.830530264279625,0.6653158847398086,0.7143098460154261,0.06058192069641862,0.9593301435406699,0.8630952380952381
7,V5L_fusion_presence,L_std,0.7857142857142857,0.7187075720568674,0.8061090080065412,0.6277805778206041,0.6942404066958394,0.05468315792603711,0.9581339712918661,0.8452380952380952
7,ENS_V7b+V5L,L_std,0.7797619047619048,0.6929158055404859,0.8132394252175672,0.6462730399774479,0.6308347110774442,0.08437962644874437,0.9700956937799042,0.8571428571428571
7,ENS_V7b+RF+V5L,L_std,0.7857142857142857,0.695121852834701,0.818458665517489,0.6479411582820931,0.6042282471098439,0.0615800275405639,0.9724880382775118,0.8630952380952381
7,ENS_V7b+V5(noleak),L_std,0.7857142857142857,0.6957444543473955,0.8224863387978141,0.6612559550438338,0.6134695909765739,0.05687714415255914,0.971291866028708,0.8630952380952381
7,V7_gbm_lock,L_asis,0.9107142857142857,0.904206319426117,0.9071985519353939,0.8878483961993954,0.29919803728408567,0.03566721515307313,0.992822966507177,0.9285714285714286
7,V7b_gbm_tuned_feats_lock,L_asis,0.9166666666666666,0.9167471023854005,0.8956981941712854,0.887064408277502,0.2957683045621498,0.044954026439645745,0.9988038277511962,0.9226190476190477
7,RF_feats_lock,L_asis,0.8809523809523809,0.8627693935541751,0.9060574255831486,0.8495122329737517,0.4316118029206896,0.14028485625144724,0.9904306220095693,0.9226190476190477
7,V5_fusion,L_asis,0.8630952380952381,0.8395038246526325,0.8922716273442226,0.8108899405130843,0.3978641541410256,0.057915969845661164,0.9880382775119616,0.9107142857142857
7,V5L_fusion_presence,L_asis,0.8928571428571429,0.878109240976888,0.9057477970945463,0.8333812046485221,0.3542612278797272,0.06975685652106059,0.992822966507177,0.9226190476190477
7,ENS_V7b+V5L,L_asis,0.9285714285714286,0.9277330196685035,0.9256641604010024,0.9039612326713798,0.23900609821843485,0.04731814673337503,0.9988038277511962,0.9404761904761905
7,ENS_V7b+RF+V5L,L_asis,0.9226190476190477,0.9202084037615347,0.9255512035903711,0.8948590736445682,0.24888044405138637,0.05107848013640252,0.9976076555023924,0.9404761904761905
7,ENS_V7b+V5(noleak),L_asis,0.9285714285714286,0.9231240096190264,0.9262135738016136,0.8948101686816062,0.24273270471988373,0.0528451092329128,0.9952153110047847,0.9404761904761905
8,V7_gbm_lock,L_cbc,0.47619047619047616,0.3229734317969612,0.5709374506646459,0.2289673825406956,1.6956115504276088,0.19586174866899778,0.8747228381374723,0.7142857142857143
8,V7b_gbm_tuned_feats_lock,L_cbc,0.47023809523809523,0.3261009082585255,0.582576112412178,0.27274090708715404,1.7105849435708131,0.23091266447920877,0.9002217294900222,0.7202380952380952
8,RF_feats_lock,L_cbc,0.44642857142857145,0.3247788431611961,0.5435897435897437,0.2432618045825593,1.5543894735394492,0.19549028971638693,0.8813747228381374,0.7142857142857143
8,V5_fusion,L_cbc,0.5892857142857143,0.5246877917241609,0.7095437466451958,0.4439957930754245,1.1667401197849954,0.08632772330331456,0.8580931263858094,0.7976190476190477
8,V5L_fusion_presence,L_cbc,0.48214285714285715,0.4189864104149818,0.6775664877757902,0.3069315932761311,1.3813633108651235,0.11746443227617698,0.8503325942350333,0.7559523809523809
8,ENS_V7b+V5L,L_cbc,0.4880952380952381,0.38492913505798426,0.6304630541871921,0.29126013617992225,1.4038711436414073,0.14533142902002438,0.8968957871396895,0.7321428571428571
8,ENS_V7b+RF+V5L,L_cbc,0.49404761904761907,0.37216538789428816,0.6419521066430339,0.25852885019634847,1.3965186055876,0.11032123529743129,0.8957871396895788,0.7559523809523809
8,ENS_V7b+V5(noleak),L_cbc,0.5357142857142857,0.41240265643737556,0.6655567887532372,0.2808015825692997,1.267996005462098,0.13473156974035183,0.9013303769401331,0.7678571428571429
8,V7_gbm_lock,L_iron,0.5654761904761905,0.4174343919441959,0.6037881335082826,0.34679456203520376,1.4940492084550878,0.2692826297285225,0.8968957871396895,0.7440476190476191
8,V7b_gbm_tuned_feats_lock,L_iron,0.5714285714285714,0.43809790394542714,0.6184126984126984,0.36821518367422956,1.5154270114624193,0.2795530076657366,0.9090909090909091,0.7559523809523809
8,RF_feats_lock,L_iron,0.5952380952380952,0.46736588129272993,0.5820013802622499,0.3802447015195048,0.9498265794280779,0.14411654315765965,0.9135254988913525,0.75
8,V5_fusion,L_iron,0.6369047619047619,0.5437300592853239,0.7427807092788508,0.4335822779020901,0.9033943155340283,0.06368150333260286,0.8891352549889134,0.8214285714285714
8,V5L_fusion_presence,L_iron,0.6488095238095238,0.5661677178556974,0.7431987480438185,0.44091530244781013,0.9461932065717578,0.1095917033835016,0.8924611973392461,0.8154761904761905
8,ENS_V7b+V5L,L_iron,0.6071428571428571,0.5058724921720492,0.6579675904891715,0.40620794374881247,1.0906578495428316,0.2097127457736784,0.9113082039911308,0.7738095238095238
8,ENS_V7b+RF+V5L,L_iron,0.6190476190476191,0.5179831806469017,0.6505224403927069,0.41076957711387113,1.0101376989202966,0.16777149799041127,0.9157427937915743,0.7678571428571429
8,ENS_V7b+V5(noleak),L_iron,0.6130952380952381,0.5158639512093717,0.6839522905936568,0.4134275317752189,1.0207328287556698,0.20561777889058414,0.9146341463414634,0.7857142857142857
8,V7_gbm_lock,L_std,0.75,0.6781643018924842,0.796635869889856,0.6660461334380542,0.8496296873473539,0.12249679520946351,0.9212860310421286,0.8511904761904762
8,V7b_gbm_tuned_feats_lock,L_std,0.75,0.6693729613764705,0.8163286331155184,0.6289230430088489,0.8567670136970065,0.12702386082014724,0.9379157427937915,0.8690476190476191
8,RF_feats_lock,L_std,0.7916666666666666,0.7102926856022832,0.8377138547726783,0.6591297591297591,0.651123733415281,0.09929612951229089,0.9401330376940134,0.875
8,V5_fusion,L_std,0.7380952380952381,0.6526903496583131,0.833136486701704,0.6530039076997419,0.7348134320517278,0.026592056822029968,0.9024390243902438,0.875
8,V5L_fusion_presence,L_std,0.7678571428571429,0.6880730004047279,0.8591583754805423,0.6828862468497738,0.7229267572357445,0.07082949582733138,0.9068736141906872,0.8988095238095238
8,ENS_V7b+V5L,L_std,0.7857142857142857,0.7093681710002322,0.8410070456001157,0.6843116366015255,0.6756389512531348,0.05538755562520387,0.9334811529933481,0.875
8,ENS_V7b+RF+V5L,L_std,0.7916666666666666,0.7190897984927146,0.8497225725094578,0.6971980918524601,0.6262580190634037,0.044505474143095934,0.933481152993348,0.8809523809523809
8,ENS_V7b+V5(noleak),L_std,0.7916666666666666,0.7174648245726676,0.8581164619058328,0.6846721040073857,0.6510066182430891,0.05926950081187808,0.9379157427937915,0.8869047619047619
8,V7_gbm_lock,L_asis,0.9107142857142857,0.9170361794792671,0.9210523992858975,0.8775000229977542,0.38226137491830403,0.06848638398051098,0.9445676274944568,0.9404761904761905
8,V7b_gbm_tuned_feats_lock,L_asis,0.8988095238095238,0.8985578241592566,0.9210523992858975,0.8668082920609574,0.40916763644442256,0.06123614463133803,0.9556541019955654,0.9404761904761905
8,RF_feats_lock,L_asis,0.8988095238095238,0.8859178976150778,0.9385952040776925,0.8382155715389165,0.41321752620677393,0.15860596229081345,0.9634146341463414,0.9523809523809523
8,V5_fusion,L_asis,0.8095238095238095,0.7955596409397027,0.8793668980109658,0.7858321583225504,0.5066077329169515,0.06108246974177542,0.9190687361419069,0.9107142857142857
8,V5L_fusion_presence,L_asis,0.8392857142857143,0.8216992960217487,0.8791219857972103,0.7928962306365853,0.45482000347446555,0.04007385972671734,0.9290465631929046,0.9047619047619048
8,ENS_V7b+V5L,L_asis,0.9047619047619048,0.899278124621374,0.9304681896339966,0.878436790624206,0.3324736364240835,0.03164816976263963,0.958980044345898,0.9464285714285714
8,ENS_V7b+RF+V5L,L_asis,0.9166666666666666,0.9107367746561595,0.9455363227477172,0.8902074777074778,0.3027698225984376,0.04155765490408781,0.9656319290465633,0.9583333333333334
8,ENS_V7b+V5(noleak),L_asis,0.8988095238095238,0.8898865902298397,0.9304681896339966,0.8743134364291159,0.3330295980972182,0.03387154158971985,0.9534368070953437,0.9464285714285714
9,V7_gbm_lock,L_cbc,0.3869047619047619,0.2755819435053715,0.5331613347093224,0.25332543531032947,1.9207447386564351,0.2983994535493105,0.890909090909091,0.6428571428571429
9,V7b_gbm_tuned_feats_lock,L_cbc,0.40476190476190477,0.2963406750906751,0.5749166178099147,0.26189084627622833,2.0326051129802787,0.32810512297185485,0.8931818181818182,0.6607142857142857
9,RF_feats_lock,L_cbc,0.39285714285714285,0.2657643384097569,0.5933787108938101,0.23485390734589578,1.910643133076896,0.19761224236544125,0.9227272727272727,0.6964285714285714
9,V5_fusion,L_cbc,0.5714285714285714,0.5220117977757716,0.698584845953267,0.4757527603182438,1.1241770176926806,0.08919312871958267,0.9204545454545455,0.7857142857142857
9,V5L_fusion_presence,L_cbc,0.5,0.4491871538680388,0.6883738165529878,0.35039832580138675,1.381879194311484,0.05964322336480425,0.9204545454545455,0.7559523809523809
9,ENS_V7b+V5L,L_cbc,0.4226190476190476,0.33222950055887934,0.604328531213777,0.29225505814562724,1.505257647482271,0.21790214038425765,0.9113636363636364,0.6845238095238095
9,ENS_V7b+RF+V5L,L_cbc,0.4107142857142857,0.2961636255660318,0.6208554663877222,0.24956416906509535,1.5494348571105636,0.18903649347780496,0.9261363636363636,0.7023809523809523
9,ENS_V7b+V5(noleak),L_cbc,0.47619047619047616,0.4097999293971161,0.6309174726566031,0.33744743076293876,1.318445805552369,0.17895130396647393,0.9170454545454545,0.7083333333333334
9,V7_gbm_lock,L_iron,0.5833333333333334,0.449167528849854,0.6003513394817743,0.39174030389374953,1.2207079411199953,0.23442920208365228,0.9738636363636364,0.7380952380952381
9,V7b_gbm_tuned_feats_lock,L_iron,0.6071428571428571,0.4729269570921113,0.6533113708264701,0.3928025138938812,1.2828459701738797,0.2375667230784022,0.9715909090909091,0.75
9,RF_feats_lock,L_iron,0.6071428571428571,0.4841988171095675,0.6477780272974523,0.40204438839135026,1.019100365986307,0.11297615607468343,0.9670454545454545,0.7440476190476191
9,V5_fusion,L_iron,0.6785714285714286,0.6231383706710645,0.7371289629910319,0.5794979862662598,0.7721215558807126,0.09491512906693152,0.9556818181818182,0.8035714285714286
9,V5L_fusion_presence,L_iron,0.6607142857142857,0.5838118265749844,0.7505128205128205,0.48348460372053825,0.8173641702925606,0.06854947756807567,0.9613636363636364,0.8214285714285714
9,ENS_V7b+V5L,L_iron,0.6607142857142857,0.5653608117773095,0.7304984008528784,0.4502374377499608,0.9238101102121011,0.17063114709702928,0.9715909090909091,0.7976190476190477
9,ENS_V7b+RF+V5L,L_iron,0.625,0.512634390803762,0.6951263789973467,0.42946451017268134,0.92346920714176,0.14338324597177046,0.9772727272727273,0.7678571428571429
9,ENS_V7b+V5(noleak),L_iron,0.6964285714285714,0.6196964255325885,0.7660697197539303,0.5174559876363051,0.8415034379584305,0.113271414099522,0.9738636363636364,0.8214285714285714
9,V7_gbm_lock,L_std,0.7380952380952381,0.6592514282944802,0.8255653984093044,0.6384989737930914,0.8404471028613111,0.11953827236466828,0.9556818181818182,0.8511904761904762
9,V7b_gbm_tuned_feats_lock,L_std,0.75,0.6712177490338909,0.8260361154317455,0.6551663811730579,0.8830532418208157,0.1466071973098309,0.9579545454545455,0.8511904761904762
9,RF_feats_lock,L_std,0.75,0.6732499647154819,0.8083073595234531,0.6377033910909934,0.7106747970575051,0.06858665315049017,0.95,0.8333333333333334
9,V5_fusion,L_std,0.7440476190476191,0.7085312086072076,0.8472084101365223,0.6924432244992499,0.6354701972715608,0.08512309675182564,0.9659090909090909,0.875
9,V5L_fusion_presence,L_std,0.7738095238095238,0.7248403743135584,0.8710354609929079,0.729905089894676,0.6363886298023939,0.03898755977853125,0.9647727272727272,0.8928571428571429
9,ENS_V7b+V5L,L_std,0.7738095238095238,0.6992219772270923,0.8489271046858704,0.6824773918157373,0.6490411455645048,0.11546967939875097,0.9625,0.875
9,ENS_V7b+RF+V5L,L_std,0.7619047619047619,0.6919567759763838,0.8312325094260578,0.6659144993827742,0.6332941749779927,0.07070441697728008,0.9647727272727273,0.8571428571428571
9,ENS_V7b+V5(noleak),L_std,0.7976190476190477,0.7374596808420338,0.8665464895635674,0.7180589757427621,0.6041286424593475,0.08764670134444663,0.9659090909090908,0.8869047619047619
9,V7_gbm_lock,L_asis,0.8630952380952381,0.8616367359828777,0.910554428668019,0.8418716086716777,0.428269713490465,0.0632235504040169,0.9704545454545455,0.9285714285714286
9,V7b_gbm_tuned_feats_lock,L_asis,0.8511904761904762,0.8430062065380141,0.8919697595637445,0.8147726347726347,0.423864402031483,0.07037045681422409,0.9818181818181817,0.9166666666666666
9,RF_feats_lock,L_asis,0.8690476190476191,0.865787375398054,0.9041215574548909,0.8422886090622052,0.4813788663285015,0.1324206478966796,0.9636363636363636,0.9226190476190477
9,V5_fusion,L_asis,0.8333333333333334,0.8063470923273993,0.8877714426494915,0.810417218338991,0.43767281363942073,0.08179973024942425,0.9693181818181817,0.9107142857142857
9,V5L_fusion_presence,L_asis,0.8392857142857143,0.8153098705624768,0.8876428589143066,0.8097753169853483,0.40766406077070017,0.03352850276982915,0.9647727272727273,0.9107142857142857
9,ENS_V7b+V5L,L_asis,0.8869047619047619,0.8725760376814833,0.9234240290736434,0.8785740908721444,0.3143091124718601,0.03856743479710645,0.9784090909090909,0.9404761904761905
9,ENS_V7b+RF+V5L,L_asis,0.8809523809523809,0.8677277044901269,0.9234240290736434,0.8671479274298519,0.3153589274010017,0.048130201106329984,0.9772727272727273,0.9404761904761905
9,ENS_V7b+V5(noleak),L_asis,0.8928571428571429,0.8778552158676383,0.9334533697006918,0.8851861343944563,0.2953980823704263,0.0306502738098996,0.9840909090909091,0.9464285714285714
10,V7_gbm_lock,L_cbc,0.4107142857142857,0.28589061023125417,0.5834638838845645,0.25896970579602524,1.8420562416214088,0.25776599620442175,0.8852272727272728,0.6666666666666666
10,V7b_gbm_tuned_feats_lock,L_cbc,0.39880952380952384,0.2652904635047493,0.6029441884280594,0.22489170832629368,1.9815746407224613,0.30390743595436126,0.8931818181818182,0.6964285714285714
10,RF_feats_lock,L_cbc,0.39880952380952384,0.2694202296942023,0.5928127568633899,0.2341418213067292,1.6935694603995384,0.19798399833867106,0.9142045454545454,0.6904761904761905
10,V5_fusion,L_cbc,0.5773809523809523,0.5061438210465671,0.6857551669316375,0.41697773029846225,1.1362013341457176,0.05073898176974325,0.9136363636363636,0.7678571428571429
10,V5L_fusion_presence,L_cbc,0.5416666666666666,0.4608212057824461,0.6896708147981305,0.3617322389127663,1.3304963195756367,0.11561651460798196,0.9056818181818181,0.75
10,ENS_V7b+V5L,L_cbc,0.4523809523809524,0.3234487972908446,0.6335353535353535,0.2523288160160214,1.528736867191367,0.1968324848651353,0.9011363636363636,0.7083333333333334
10,ENS_V7b+RF+V5L,L_cbc,0.42857142857142855,0.2937630534670008,0.6140873015873016,0.24020599283757174,1.525370932577491,0.20403127613678806,0.9056818181818181,0.7023809523809523
10,ENS_V7b+V5(noleak),L_cbc,0.5059523809523809,0.37946213321394134,0.6804723502304149,0.31407184130221233,1.3590481031902857,0.1491095246182627,0.9022727272727271,0.75
10,V7_gbm_lock,L_iron,0.5952380952380952,0.4704958277816295,0.6523899629781983,0.3725174825174825,1.3382802756954484,0.23358845179358648,0.9318181818181818,0.7440476190476191
10,V7b_gbm_tuned_feats_lock,L_iron,0.6071428571428571,0.47067953448435906,0.6842532467532468,0.39842842052001315,1.3976261179075247,0.2555487266036938,0.9409090909090908,0.7559523809523809
10,RF_feats_lock,L_iron,0.6071428571428571,0.47807822759911694,0.6461404006046862,0.39416154752725724,0.9910513301501273,0.14115547259263378,0.946590909090909,0.7380952380952381
10,V5_fusion,L_iron,0.6845238095238095,0.6060506386597659,0.7719271923243969,0.5256215179493794,0.7909532905765294,0.04956033656134121,0.9431818181818181,0.8273809523809523
10,V5L_fusion_presence,L_iron,0.7023809523809523,0.6304925751304756,0.7746122052512117,0.4950954907399138,0.8310797545880271,0.07684741724773037,0.9511363636363636,0.8273809523809523
10,ENS_V7b+V5L,L_iron,0.6309523809523809,0.5176502317419053,0.6908531124048366,0.44091350715247957,1.0120605502937912,0.17607217094704372,0.9545454545454545,0.7619047619047619
10,ENS_V7b+RF+V5L,L_iron,0.625,0.5045866120209707,0.6746051671288862,0.3935884290228641,0.9703998830655669,0.15719860072904654,0.9545454545454545,0.7559523809523809
10,ENS_V7b+V5(noleak),L_iron,0.6309523809523809,0.5255819002112326,0.6991626794258373,0.4439174714174715,0.9374769527105402,0.16361587649950307,0.9522727272727273,0.7678571428571429
10,V7_gbm_lock,L_std,0.7797619047619048,0.7050357408329545,0.8136595866819748,0.6636994835696993,0.7261503290023742,0.08976963614235833,0.9613636363636363,0.8511904761904762
10,V7b_gbm_tuned_feats_lock,L_std,0.7976190476190477,0.7205273466191552,0.8568743234677767,0.6741718794445002,0.7533098561387779,0.10366495653319333,0.9625,0.875
10,RF_feats_lock,L_std,0.7916666666666666,0.7247072101278667,0.8356494315573599,0.6978853410404212,0.6497986818367277,0.06963091409606756,0.9590909090909091,0.8630952380952381
10,V5_fusion,L_std,0.8035714285714286,0.748709610385967,0.8452665205682575,0.740034474471861,0.5786853679304391,0.07269005550937628,0.9693181818181817,0.8809523809523809
10,V5L_fusion_presence,L_std,0.8154761904761905,0.777197454502419,0.8473390313390314,0.7598114880248429,0.5625923249752981,0.06542905617127272,0.9818181818181818,0.875
10,ENS_V7b+V5L,L_std,0.8154761904761905,0.7502427581878046,0.8561344537815125,0.7260074887126794,0.5594467706152839,0.06455839297435433,0.9727272727272727,0.8809523809523809
10,ENS_V7b+RF+V5L,L_std,0.8095238095238095,0.7383285873069885,0.8494998893671802,0.7144881381756728,0.5506994119613144,0.03466393130566182,0.975,0.875
10,ENS_V7b+V5(noleak),L_std,0.8154761904761905,0.7776788336280819,0.8561224489795919,0.7490903560753417,0.5254932302276442,0.07085876971483344,0.9738636363636364,0.8809523809523809
10,V7_gbm_lock,L_asis,0.8809523809523809,0.8820358936041052,0.9151052337493015,0.8446188343614353,0.3423224958455607,0.03781390932278221,0.9772727272727273,0.9285714285714286
10,V7b_gbm_tuned_feats_lock,L_asis,0.8869047619047619,0.8932113318984224,0.9082011673515643,0.8707257078733416,0.31111749788250415,0.039940022742563766,0.9772727272727272,0.9226190476190477
10,RF_feats_lock,L_asis,0.8928571428571429,0.8855001770558203,0.9315459308483376,0.8582246533406402,0.4243845837027167,0.14500000950443168,0.9806818181818181,0.9404761904761905
10,V5_fusion,L_asis,0.8392857142857143,0.8154217427768152,0.8674264007597341,0.8080016536330246,0.3854114330578993,0.0459012477961884,0.9784090909090909,0.8988095238095238
10,V5L_fusion_presence,L_asis,0.8928571428571429,0.882656220226209,0.9030772617213294,0.8533220847367148,0.33592025257402564,0.056988896546256544,0.9784090909090909,0.9285714285714286
10,ENS_V7b+V5L,L_asis,0.9166666666666666,0.9169362951720023,0.9383616951959057,0.8909251773371696,0.2394770084361943,0.02957268515496947,0.9818181818181819,0.9464285714285714
10,ENS_V7b+RF+V5L,L_asis,0.9166666666666666,0.9179859278005823,0.9383616951959057,0.8903667090240384,0.24670701832756906,0.04073076951435261,0.9818181818181819,0.9464285714285714
10,ENS_V7b+V5(noleak),L_asis,0.9047619047619048,0.900672326798901,0.9323416378735526,0.8812813145933351,0.24054201932484606,0.04846584379865868,0.9818181818181818,0.9404761904761905
11,V7_gbm_lock,L_cbc,0.36904761904761907,0.24288897699466425,0.5313260688571376,0.21203359158547055,2.12539618737891,0.33564901879829007,0.8171247357293868,0.6785714285714286
11,V7b_gbm_tuned_feats_lock,L_cbc,0.375,0.2390609731989042,0.500235294117647,0.19133348224257316,2.2708078962882148,0.3647104724811431,0.8150105708245243,0.6666666666666666
11,RF_feats_lock,L_cbc,0.4107142857142857,0.29712652782314475,0.6185114450313691,0.2533812292122407,1.8611913815034238,0.14880196582685826,0.8942917547568711,0.7202380952380952
11,V5_fusion,L_cbc,0.5416666666666666,0.4887429162541606,0.6746396032752855,0.4149411424565422,1.2464334966881359,0.05557495706282175,0.9217758985200845,0.7619047619047619
11,V5L_fusion_presence,L_cbc,0.3630952380952381,0.3369235109728046,0.5519825535289453,0.2541561377782678,1.677817305146663,0.2045280909044579,0.8995771670190273,0.6547619047619048
11,ENS_V7b+V5L,L_cbc,0.3869047619047619,0.27205360453413846,0.5712501893078903,0.20426541443490595,1.7576097678250158,0.24929219403026237,0.8520084566596194,0.6726190476190477
11,ENS_V7b+RF+V5L,L_cbc,0.44642857142857145,0.33793042674636714,0.6210525922672666,0.25281433542303106,1.6925467768210598,0.17266955290757985,0.8668076109936576,0.7202380952380952
11,ENS_V7b+V5(noleak),L_cbc,0.42857142857142855,0.31066411386037357,0.5864697802197802,0.2562958371781901,1.5147931073716927,0.20763530114894221,0.8583509513742071,0.7023809523809523
11,V7_gbm_lock,L_iron,0.5476190476190477,0.41449983533316875,0.5788505747126436,0.33707490080733077,1.4991191243363566,0.2815896379574642,0.9154334038054969,0.7380952380952381
11,V7b_gbm_tuned_feats_lock,L_iron,0.5416666666666666,0.39038141642308316,0.5853701825557809,0.3133436488942607,1.626054491041275,0.29997890137565153,0.9069767441860465,0.7440476190476191
11,RF_feats_lock,L_iron,0.6607142857142857,0.5641045646130393,0.7195577147866745,0.4386246024960759,1.0166624199415015,0.08168829797294903,0.9386892177589852,0.7976190476190477
11,V5_fusion,L_iron,0.6369047619047619,0.579241691336191,0.722907101882843,0.51883169278879,0.9351047980922399,0.07205174687784534,0.959830866807611,0.7916666666666666
11,V5L_fusion_presence,L_iron,0.6309523809523809,0.5466960986308751,0.7620294266869608,0.4047366424523214,1.0184267341004218,0.11783840441007098,0.9693446088794926,0.8154761904761905
11,ENS_V7b+V5L,L_iron,0.5833333333333334,0.4663661387127834,0.6760431578973127,0.3826243573534732,1.1948067957401032,0.2067294442613226,0.9344608879492601,0.7738095238095238
11,ENS_V7b+RF+V5L,L_iron,0.6071428571428571,0.5069665747951275,0.6893905002101723,0.4053692813504666,1.0922282071514329,0.1832670727491542,0.9386892177589852,0.7857142857142857
11,ENS_V7b+V5(noleak),L_iron,0.6071428571428571,0.5114123705908695,0.7002397197123363,0.430303519584792,1.0865375805317217,0.16687271002244736,0.9386892177589852,0.7857142857142857
11,V7_gbm_lock,L_std,0.7321428571428571,0.6416636643581121,0.8118337017752377,0.6383229341658587,0.9114597575211005,0.13536882075134632,0.9408033826638478,0.8511904761904762
11,V7b_gbm_tuned_feats_lock,L_std,0.7321428571428571,0.6226019292864492,0.8339201178604231,0.5876555754467512,0.94203947573599,0.1441353435178463,0.9344608879492601,0.8690476190476191
11,RF_feats_lock,L_std,0.7916666666666666,0.7163192886582243,0.8628199512128084,0.7012055411143188,0.6639976777793763,0.08753852472770049,0.9619450317124736,0.8928571428571429
11,V5_fusion,L_std,0.75,0.7158622365695054,0.8182478179296842,0.7003725081148436,0.7498197234495769,0.04461533907537022,0.9788583509513742,0.8571428571428571
11,V5L_fusion_presence,L_std,0.7440476190476191,0.6786737160189172,0.8475783475783476,0.6173036758126551,0.7792990556479492,0.09536712885732121,0.9799154334038056,0.875
11,ENS_V7b+V5L,L_std,0.7559523809523809,0.6719182521582793,0.8216395690079901,0.6257498824046729,0.7634347463926423,0.08458930517216051,0.9619450317124735,0.8630952380952381
11,ENS_V7b+RF+V5L,L_std,0.7678571428571429,0.7007391647640945,0.8269609915104859,0.663731234936995,0.6832170112925022,0.08101419120644052,0.9651162790697674,0.8690476190476191
11,ENS_V7b+V5(noleak),L_std,0.7619047619047619,0.6783330621695804,0.826,0.6538235617859443,0.7058510956739761,0.07457402166479832,0.9682875264270613,0.8690476190476191
11,V7_gbm_lock,L_asis,0.8690476190476191,0.8634381350986571,0.9031406224802451,0.8461554096135694,0.4563559330410571,0.07178390966538409,0.974630021141649,0.9226190476190477
11,V7b_gbm_tuned_feats_lock,L_asis,0.8630952380952381,0.852883972752394,0.8878518518518519,0.8338662037411101,0.4660464405623285,0.05786342450375313,0.9809725158562368,0.9166666666666666
11,RF_feats_lock,L_asis,0.8571428571428571,0.8377383990768474,0.886439189631667,0.8253471133482866,0.48653877052300504,0.12066816892495416,0.9788583509513742,0.9107142857142857
11,V5_fusion,L_asis,0.8035714285714286,0.7913778024143877,0.8550134770889487,0.7704484293867364,0.5007520689365467,0.04666506787867752,0.982029598308668,0.8809523809523809
11,V5L_fusion_presence,L_asis,0.8273809523809523,0.8215309023741432,0.8603077325809689,0.7951782068061136,0.4519474404782033,0.05962565094067344,0.9915433403805496,0.8869047619047619
11,ENS_V7b+V5L,L_asis,0.8809523809523809,0.8789502579157752,0.9059163401461399,0.8597928768406919,0.37680710343738333,0.04942842158619563,0.9883720930232558,0.9285714285714286
11,ENS_V7b+RF+V5L,L_asis,0.8809523809523809,0.878930216229067,0.8998095238095237,0.8611711282189433,0.3522448415070021,0.02595203639504065,0.9883720930232558,0.9226190476190477
11,ENS_V7b+V5(noleak),L_asis,0.8928571428571429,0.8906650919171445,0.9095424529583379,0.8733355565307952,0.36808175450098235,0.05830750151920993,0.9862579281183933,0.9345238095238095
12,V7_gbm_lock,L_cbc,0.4226190476190476,0.28312864322926246,0.59995115995116,0.23617821930563954,1.9203771815959865,0.265779428330658,0.8414634146341463,0.7023809523809523
12,V7b_gbm_tuned_feats_lock,L_cbc,0.43452380952380953,0.2920829968351774,0.6317340305257207,0.25814728597964515,1.9036510447660935,0.2683914840584416,0.8625277161862527,0.7202380952380952
12,RF_feats_lock,L_cbc,0.39880952380952384,0.2588564032630143,0.5891519916142558,0.20452571253330268,2.16799891553397,0.1714274251545603,0.8763858093126387,0.7202380952380952
12,V5_fusion,L_cbc,0.5714285714285714,0.48439591976729646,0.7507073025145314,0.4664494254357077,1.144029939240006,0.10773326842882534,0.8636363636363636,0.8154761904761905
12,V5L_fusion_presence,L_cbc,0.48214285714285715,0.4412512467031466,0.6863958088778749,0.35899210170477786,1.4083958745576997,0.09815239577753979,0.8569844789356985,0.7559523809523809
12,ENS_V7b+V5L,L_cbc,0.44642857142857145,0.3216024967383663,0.6630968169761273,0.2679490557751427,1.5292111073480192,0.18502037664788903,0.8647450110864745,0.7440476190476191
12,ENS_V7b+RF+V5L,L_cbc,0.48214285714285715,0.3590824568780378,0.6803479689366787,0.28291737651269105,1.6071883352739387,0.14836377424589509,0.869179600886918,0.7619047619047619
12,ENS_V7b+V5(noleak),L_cbc,0.5059523809523809,0.3884321185538224,0.6917465293327363,0.3333965961416942,1.36831926436737,0.15631626797569298,0.8758314855875831,0.7678571428571429
12,V7_gbm_lock,L_iron,0.5773809523809523,0.41840585396629204,0.6341355279750449,0.3627926125044636,1.3633167443021879,0.23705235145719405,0.9456762749445676,0.7559523809523809
12,V7b_gbm_tuned_feats_lock,L_iron,0.5892857142857143,0.4257107890673422,0.6201621329490182,0.3719211533428315,1.3963338317084895,0.22752667111795122,0.9456762749445676,0.7440476190476191
12,RF_feats_lock,L_iron,0.6071428571428571,0.45146327410014647,0.6294020499008716,0.3403388242349281,1.0030806528122849,0.09010024415919982,0.942350332594235,0.7678571428571429
12,V5_fusion,L_iron,0.6428571428571429,0.5450631921660337,0.7952667762900323,0.5304596039646753,0.8918224720805177,0.08640383625462265,0.9312638580931264,0.8511904761904762
12,V5L_fusion_presence,L_iron,0.6547619047619048,0.5438318138318139,0.7730704727921499,0.5095302642537537,0.9204791944885857,0.1083041735837527,0.9268292682926829,0.8333333333333334
12,ENS_V7b+V5L,L_iron,0.6369047619047619,0.4978551239602855,0.7110714572783539,0.38554449036461685,1.0408532328536548,0.1386587560215096,0.9490022172949002,0.7976190476190477
12,ENS_V7b+RF+V5L,L_iron,0.6369047619047619,0.49555881541820274,0.7042597302669545,0.40832148291313447,0.9950631209651706,0.1287073428878672,0.9478935698447893,0.7916666666666666
12,ENS_V7b+V5(noleak),L_iron,0.6547619047619048,0.5233744982667397,0.7587462718287845,0.4374039450285784,0.9754665216164563,0.13135991273649336,0.950110864745011,0.8214285714285714
12,V7_gbm_lock,L_std,0.7738095238095238,0.657785941373672,0.8594517794325917,0.6417732327567193,0.8026811669571927,0.09493499324412026,0.9523281596452329,0.8928571428571429
12,V7b_gbm_tuned_feats_lock,L_std,0.7797619047619048,0.6668260275490668,0.8473822975517891,0.6653252440853531,0.8330468303084725,0.11014530597099484,0.9490022172949002,0.8869047619047619
12,RF_feats_lock,L_std,0.7797619047619048,0.6703427142519853,0.8411873840445269,0.642314538073772,0.6789492278206778,0.08853056503859352,0.9467849223946785,0.875
12,V5_fusion,L_std,0.7559523809523809,0.6836036346905913,0.8620499569336779,0.6893872332896724,0.7051614417875894,0.051416657999695664,0.9312638580931264,0.8928571428571429
12,V5L_fusion_presence,L_std,0.7619047619047619,0.6743865499700711,0.8575108225108226,0.6671708642990614,0.6899081293619582,0.06547419536046334,0.9301552106430155,0.8869047619047619
12,ENS_V7b+V5L,L_std,0.7678571428571429,0.659963928120837,0.8397069597069597,0.6525227296354615,0.6553589743719922,0.08934540383529953,0.9556541019955654,0.8809523809523809
12,ENS_V7b+RF+V5L,L_std,0.7738095238095238,0.661802462765513,0.8411994264063282,0.6454195186753326,0.6171326974145904,0.060290845768037095,0.9578713968957872,0.8809523809523809
12,ENS_V7b+V5(noleak),L_std,0.7738095238095238,0.6778296703296703,0.840057260746916,0.6624123167472922,0.6122337362610327,0.0813490733383227,0.9611973392461197,0.8809523809523809
12,V7_gbm_lock,L_asis,0.8928571428571429,0.881257774383339,0.9279197994987468,0.8760423990911881,0.35736542780268127,0.04219609319971728,0.966740576496674,0.9464285714285714
12,V7b_gbm_tuned_feats_lock,L_asis,0.8869047619047619,0.8768263150692825,0.9179540229885058,0.8709018162177808,0.35495047942736385,0.05076971979948521,0.967849223946785,0.9404761904761905
12,RF_feats_lock,L_asis,0.8571428571428571,0.8246212300475867,0.9262750189332468,0.8022888706924185,0.4291421935331968,0.12878218220566745,0.9689578713968959,0.9404761904761905
12,V5_fusion,L_asis,0.8452380952380952,0.8079430409497599,0.8944066500590468,0.7842878491721842,0.39656896312814255,0.048025620726767526,0.9645232815964522,0.9166666666666666
12,V5L_fusion_presence,L_asis,0.8630952380952381,0.8282822874277147,0.9265100635196075,0.8085630246663367,0.3494959047294807,0.03552133205709185,0.9611973392461196,0.9404761904761905
12,ENS_V7b+V5L,L_asis,0.9107142857142857,0.898987740638847,0.9505510571300044,0.886590093160274,0.26289157934707386,0.030799793540386096,0.9678492239467849,0.9642857142857143
12,ENS_V7b+RF+V5L,L_asis,0.9166666666666666,0.9046351287497706,0.9427306532222159,0.8841421842672894,0.2602665969534032,0.030286472049141,0.9711751662971175,0.9583333333333334
12,ENS_V7b+V5(noleak),L_asis,0.9285714285714286,0.9120048002124039,0.9668512935366238,0.8971188485093912,0.24464824415822406,0.031343833603239536,0.9700665188470066,0.9761904761904762
13,V7_gbm_lock,L_cbc,0.4107142857142857,0.29913226981411295,0.5951273215484448,0.22143876917291544,1.64818241589969,0.17339737199987507,0.9318181818181818,0.6904761904761905
13,V7b_gbm_tuned_feats_lock,L_cbc,0.43452380952380953,0.330649144462615,0.619865170054269,0.2515560644201242,1.6930441094270834,0.1852736905661181,0.9354066985645932,0.6964285714285714
13,RF_feats_lock,L_cbc,0.375,0.2572896660847015,0.5645454545454545,0.2013800641017417,1.5853414550186449,0.18525668276173562,0.8839712918660286,0.7083333333333334
13,V5_fusion,L_cbc,0.6071428571428571,0.5278674626524041,0.7320853858784894,0.38578914000733433,1.1212888949127047,0.11285287648761352,0.9425837320574163,0.7857142857142857
13,V5L_fusion_presence,L_cbc,0.5535714285714286,0.49128038623801884,0.7186155021449139,0.3675392998409626,1.3211782845477427,0.08531101714272739,0.9377990430622011,0.7619047619047619
13,ENS_V7b+V5L,L_cbc,0.5059523809523809,0.4077201830801669,0.7240509593437546,0.3111946389992272,1.4047878637035565,0.11975348996253421,0.9461722488038277,0.7678571428571429
13,ENS_V7b+RF+V5L,L_cbc,0.4880952380952381,0.3910413155787919,0.7110565663844353,0.2976932699335297,1.409087987153598,0.09983285404854376,0.9330143540669856,0.7559523809523809
13,ENS_V7b+V5(noleak),L_cbc,0.5654761904761905,0.4416852535867495,0.735097310644609,0.33948223063055605,1.2565062192855982,0.10086398075490902,0.9449760765550239,0.7797619047619048
13,V7_gbm_lock,L_iron,0.6130952380952381,0.4902149312675628,0.709156308851224,0.4080980360935568,1.1889988380056347,0.19443352126295158,0.9760765550239234,0.7678571428571429
13,V7b_gbm_tuned_feats_lock,L_iron,0.6130952380952381,0.4905122609869233,0.6787987645521502,0.4121858507364511,1.2484793503740879,0.2073957442500852,0.9712918660287081,0.75
13,RF_feats_lock,L_iron,0.5892857142857143,0.43470364784090276,0.5765786452353616,0.3554711287637185,1.00988430990929,0.11308820537085486,0.923444976076555,0.7321428571428571
13,V5_fusion,L_iron,0.7023809523809523,0.617984252411847,0.8030620483675113,0.4782480806831456,0.8116802540221357,0.035723125166251646,0.9605263157894737,0.8392857142857143
13,V5L_fusion_presence,L_iron,0.6904761904761905,0.6135045308958353,0.7905708905030939,0.47510264113691286,0.8335281928009741,0.1012288598758539,0.9605263157894737,0.8273809523809523
13,ENS_V7b+V5L,L_iron,0.6428571428571429,0.5179933625696337,0.7204043828347133,0.44567775219949135,0.9512330018672606,0.14997366519925626,0.9665071770334929,0.7797619047619048
13,ENS_V7b+RF+V5L,L_iron,0.6488095238095238,0.5253374228303607,0.729202595320371,0.4520285034716274,0.9353058069838063,0.1383747333835036,0.9641148325358851,0.7857142857142857
13,ENS_V7b+V5(noleak),L_iron,0.6607142857142857,0.5355865792985468,0.7535432283858071,0.4507364236016987,0.9026487003417378,0.1306115181655076,0.9712918660287081,0.8035714285714286
13,V7_gbm_lock,L_std,0.7678571428571429,0.6846069604842225,0.8465463659147868,0.6390609305331387,0.7766448451828978,0.11584256008959404,0.9832535885167464,0.875
13,V7b_gbm_tuned_feats_lock,L_std,0.7738095238095238,0.6934968360563599,0.8165006146082681,0.6555563150367457,0.7960887676566512,0.12102687475119518,0.9760765550239234,0.8511904761904762
13,RF_feats_lock,L_std,0.7916666666666666,0.7027504576532037,0.8499862476704582,0.6751121839242612,0.6839936219034283,0.09660904802674553,0.94377990430622,0.8690476190476191
13,V5_fusion,L_std,0.7738095238095238,0.7013059206823206,0.8719450145012473,0.6484319789254286,0.614705621859949,0.05251840621207431,0.9533492822966507,0.8928571428571429
13,V5L_fusion_presence,L_std,0.7797619047619048,0.7006022565563454,0.8621169480925579,0.642740788756642,0.600788676677906,0.05670028619734698,0.9473684210526315,0.8809523809523809
13,ENS_V7b+V5L,L_std,0.7916666666666666,0.7106513116867014,0.8444444444444444,0.66607231530474,0.6000082533514699,0.059385824316529355,0.9712918660287081,0.8690476190476191
13,ENS_V7b+RF+V5L,L_std,0.7916666666666666,0.7010109026775693,0.832692104109009,0.6735992250131159,0.5835947187683178,0.04953355568702623,0.9677033492822966,0.8571428571428571
13,ENS_V7b+V5(noleak),L_std,0.8154761904761905,0.7224868842780542,0.8622617318352948,0.6920037077194677,0.577579226760202,0.05924832480809954,0.9808612440191389,0.8809523809523809
13,V7_gbm_lock,L_asis,0.8809523809523809,0.8689943900013515,0.9130749694427976,0.8490028377319021,0.35779474236195113,0.04566864597702205,0.992822966507177,0.9285714285714286
13,V7b_gbm_tuned_feats_lock,L_asis,0.8928571428571429,0.8751910918502271,0.9130749694427976,0.8611332718320331,0.35391936386582434,0.061957206783116524,0.9916267942583732,0.9285714285714286
13,RF_feats_lock,L_asis,0.8928571428571429,0.8754724025075551,0.9061702401422371,0.8538351782041927,0.4199547119637939,0.15004257869328297,0.9712918660287082,0.9226190476190477
13,V5_fusion,L_asis,0.8571428571428571,0.8053304536595451,0.8999778956675508,0.7708158038002341,0.3978270592371323,0.029366001993715453,0.9665071770334928,0.9166666666666666
13,V5L_fusion_presence,L_asis,0.8690476190476191,0.8216393523630366,0.9002130625248906,0.7947149475309119,0.3662823538831082,0.03747019842611232,0.9605263157894736,0.9226190476190477
13,ENS_V7b+V5L,L_asis,0.8988095238095238,0.8825510841486843,0.9236633324812514,0.8782086682853947,0.2815386861524496,0.02996353107695263,0.992822966507177,0.9345238095238095
13,ENS_V7b+RF+V5L,L_asis,0.8988095238095238,0.8825510841486843,0.9236633324812514,0.8782086682853947,0.2731495649108148,0.024890928975707657,0.9904306220095693,0.9345238095238095
13,ENS_V7b+V5(noleak),L_asis,0.9166666666666666,0.8971400623186337,0.9368906362199733,0.8932122786113332,0.27216552971391084,0.052356454969093406,0.992822966507177,0.9464285714285714
14,V7_gbm_lock,L_cbc,0.375,0.26475459499756177,0.4663442940038685,0.22458853244717003,1.8812646932731454,0.2538633799715798,0.8734643734643736,0.625
14,V7b_gbm_tuned_feats_lock,L_cbc,0.4523809523809524,0.3387539449626757,0.5208023439260762,0.2916164622595254,1.9091853507776724,0.2337048682958166,0.8771498771498771,0.6904761904761905
14,RF_feats_lock,L_cbc,0.375,0.20078302736577913,0.5484934618317079,0.1979077999926429,1.6456884962512075,0.18118334709334516,0.8882063882063882,0.7023809523809523
14,V5_fusion,L_cbc,0.5773809523809523,0.46040071703641133,0.7087195500310254,0.38873793743455687,1.2288651218666058,0.11366606754144609,0.8955773955773956,0.7976190476190477
14,V5L_fusion_presence,L_cbc,0.44047619047619047,0.3707620382548933,0.6316686649418397,0.3263005420776682,1.415213942171216,0.12616125713080983,0.9004914004914004,0.7023809523809523
14,ENS_V7b+V5L,L_cbc,0.4523809523809524,0.35901309269269904,0.5842696548037047,0.2835527074847995,1.5134673989699028,0.1858595734724862,0.8918918918918919,0.6904761904761905
14,ENS_V7b+RF+V5L,L_cbc,0.44047619047619047,0.3361576920152945,0.5443535916239155,0.25677332234501643,1.5067084897162069,0.15549856998574912,0.8992628992628994,0.6666666666666666
14,ENS_V7b+V5(noleak),L_cbc,0.5119047619047619,0.4094475128401489,0.6278846153846154,0.3137834415213645,1.38593909592094,0.13349564782671264,0.898034398034398,0.7440476190476191
14,V7_gbm_lock,L_iron,0.5297619047619048,0.39062293954324034,0.5538014527845035,0.32879368396609776,1.4989285245448638,0.2832979143851405,0.9324324324324323,0.7023809523809523
14,V7b_gbm_tuned_feats_lock,L_iron,0.5357142857142857,0.40148953894791856,0.5478104149091189,0.3368291865352008,1.5138246129987531,0.2924400849203713,0.9361179361179361,0.6964285714285714
14,RF_feats_lock,L_iron,0.5714285714285714,0.3993474585031603,0.5709090909090908,0.35220571618192686,1.0190833965645583,0.11117490081951936,0.9348894348894349,0.7261904761904762
14,V5_fusion,L_iron,0.6547619047619048,0.5415289597480738,0.7630893678427326,0.49309484760620736,0.9559056748471407,0.06956251665143583,0.9189189189189189,0.8214285714285714
14,V5L_fusion_presence,L_iron,0.6488095238095238,0.5620483112614175,0.7136239049353803,0.46563575781916894,0.9900390545649674,0.09849617628083537,0.9336609336609337,0.7916666666666666
14,ENS_V7b+V5L,L_iron,0.5833333333333334,0.4656530311554821,0.594536051158442,0.37149392892708394,1.125642089579795,0.21729321684329642,0.9434889434889435,0.7202380952380952
14,ENS_V7b+RF+V5L,L_iron,0.5892857142857143,0.46897866293214047,0.6002588916459886,0.3732671424980694,1.0529398200032507,0.18903679601678902,0.9398034398034398,0.7261904761904762
14,ENS_V7b+V5(noleak),L_iron,0.5892857142857143,0.4745361653874857,0.601347623089983,0.37269632724178176,1.0703186518306165,0.18721345669191705,0.941031941031941,0.7261904761904762
14,V7_gbm_lock,L_std,0.7142857142857143,0.6413492981842147,0.7425223640951143,0.6154103315360921,1.0036763566729685,0.12757172642992984,0.9545454545454545,0.8035714285714286
14,V7b_gbm_tuned_feats_lock,L_std,0.7023809523809523,0.6178881294516013,0.7327388238036953,0.5851051075684313,1.038297831797409,0.15823158036457297,0.9606879606879607,0.7976190476190477
14,RF_feats_lock,L_std,0.75,0.6635648567792501,0.7608252063015754,0.6723142913956598,0.7089878638287622,0.0728813973119941,0.972972972972973,0.8273809523809523
14,V5_fusion,L_std,0.7738095238095238,0.7196402756330267,0.8608179603660544,0.7368514747684649,0.7035074724040578,0.07990594265219196,0.9348894348894349,0.8809523809523809
14,V5L_fusion_presence,L_std,0.7678571428571429,0.7075378079570546,0.8291522619193958,0.6962103558582786,0.6908918472206983,0.037203850016970186,0.9484029484029485,0.8630952380952381
14,ENS_V7b+V5L,L_std,0.75,0.6711369776224849,0.7758161350844278,0.6430468764699376,0.7461995747435409,0.10296204882780892,0.9606879606879607,0.8273809523809523
14,ENS_V7b+RF+V5L,L_std,0.7678571428571429,0.6875683432162546,0.7898103634800261,0.6584499433280474,0.6828236749382638,0.0755590328186181,0.9631449631449631,0.8392857142857143
14,ENS_V7b+V5(noleak),L_std,0.75,0.6688888164975122,0.7849323146995383,0.6374778722222865,0.7285097386336488,0.09194795531880755,0.9545454545454545,0.8333333333333334
14,V7_gbm_lock,L_asis,0.8511904761904762,0.852709207940871,0.8703881644169907,0.8052526635465104,0.37147251848181684,0.042577658721699406,0.9643734643734644,0.9107142857142857
14,V7b_gbm_tuned_feats_lock,L_asis,0.875,0.8718289767223876,0.9023402523402522,0.8352791753203277,0.3721715640734765,0.030866255644661347,0.9668304668304668,0.9226190476190477
14,RF_feats_lock,L_asis,0.8988095238095238,0.8916923668043489,0.9090937746256895,0.8937008707170695,0.446649729124393,0.1873614832233903,0.9926289926289926,0.9345238095238095
14,V5_fusion,L_asis,0.8869047619047619,0.8636123525585045,0.9315137760789935,0.8727144821972409,0.3641498640110142,0.050076484979020536,0.9766584766584767,0.9464285714285714
14,V5L_fusion_presence,L_asis,0.8869047619047619,0.8679384568565934,0.9161332823324407,0.8695275959413291,0.3041223845698721,0.037344731747357814,0.9926289926289926,0.9345238095238095
14,ENS_V7b+V5L,L_asis,0.9285714285714286,0.9244354669784397,0.9357364053016226,0.9032682354728503,0.22425550367346656,0.05691912550037976,0.9778869778869779,0.9523809523809523
14,ENS_V7b+RF+V5L,L_asis,0.9285714285714286,0.9244354669784397,0.9357364053016226,0.9032682354728503,0.2314375878980739,0.04730369056367736,0.9828009828009827,0.9523809523809523
14,ENS_V7b+V5(noleak),L_asis,0.9404761904761905,0.9366523573045312,0.9554688467731947,0.9182224432224433,0.23481829510426144,0.050597555275762714,0.9742014742014742,0.9642857142857143
