target,features,group,n,cases,auc,ci95,pr_auc,brier,mean_predicted,observed
t15,L0_raw,ALL,5728,198,0.857,"[0.835, 0.878]",0.18,0.0317,0.05,0.035
t15,L0_raw,F18-49,2180,168,0.754,"[0.714, 0.788]",0.198,0.0699,0.122,0.077
t15,L0_raw,F50+,1242,17,0.665,"[0.545, 0.775]",0.129,0.0132,0.011,0.014
t15,L1_raw,ALL,5728,198,0.896,"[0.875, 0.913]",0.265,0.0342,0.078,0.035
t15,L1_raw,F18-49,2180,168,0.824,"[0.794, 0.855]",0.289,0.0766,0.18,0.077
t15,L1_raw,F50+,1242,17,0.827,"[0.761, 0.89]",0.147,0.0132,0.024,0.014
t15,L0_z,ALL,5728,198,0.846,"[0.818, 0.87]",0.175,0.031,0.043,0.035
t15,L0_z,F18-49,2180,168,0.754,"[0.717, 0.786]",0.192,0.068,0.104,0.077
t15,L0_z,F50+,1242,17,0.59,"[0.452, 0.719]",0.16,0.0131,0.01,0.014
t15,L1_z,ALL,5728,198,0.887,"[0.864, 0.909]",0.301,0.0284,0.041,0.035
t15,L1_z,F18-49,2180,168,0.822,"[0.797, 0.855]",0.334,0.0616,0.098,0.077
t15,L1_z,F50+,1242,17,0.802,"[0.696, 0.894]",0.155,0.0127,0.01,0.014
t30,L0_raw,ALL,5728,786,0.811,"[0.799, 0.827]",0.397,0.1,0.152,0.137
t30,L0_raw,F18-49,2180,629,0.665,"[0.642, 0.69]",0.439,0.1951,0.341,0.289
t30,L0_raw,F50+,1242,90,0.575,"[0.504, 0.637]",0.121,0.0674,0.067,0.072
t30,L0_raw,M,2306,67,0.73,"[0.668, 0.783]",0.086,0.0277,0.02,0.029
t30,L1_raw,ALL,5728,786,0.839,"[0.825, 0.854]",0.45,0.1024,0.21,0.137
t30,L1_raw,F18-49,2180,629,0.717,"[0.694, 0.74]",0.498,0.1991,0.422,0.289
t30,L1_raw,F50+,1242,90,0.69,"[0.636, 0.743]",0.171,0.072,0.135,0.072
t30,L1_raw,M,2306,67,0.804,"[0.749, 0.857]",0.165,0.0273,0.051,0.029
t30,L0_z,ALL,5728,786,0.812,"[0.8, 0.827]",0.391,0.0993,0.138,0.137
t30,L0_z,F18-49,2180,629,0.661,"[0.638, 0.686]",0.432,0.193,0.315,0.289
t30,L0_z,F50+,1242,90,0.599,"[0.529, 0.658]",0.119,0.0672,0.058,0.072
t30,L0_z,M,2306,67,0.719,"[0.656, 0.771]",0.075,0.028,0.014,0.029
t30,L1_z,ALL,5728,786,0.844,"[0.831, 0.858]",0.471,0.0919,0.136,0.137
t30,L1_z,F18-49,2180,629,0.727,"[0.707, 0.749]",0.521,0.1776,0.303,0.289
t30,L1_z,F50+,1242,90,0.707,"[0.65, 0.765]",0.207,0.0633,0.065,0.072
t30,L1_z,M,2306,67,0.785,"[0.726, 0.847]",0.187,0.0263,0.017,0.029
